Delta,Time,CPU_FREQUENCY_0,CPU_FREQUENCY_1,CPU_FREQUENCY_10,CPU_FREQUENCY_11,CPU_FREQUENCY_2,CPU_FREQUENCY_3,CPU_FREQUENCY_4,CPU_FREQUENCY_5,CPU_FREQUENCY_6,CPU_FREQUENCY_7,CPU_FREQUENCY_8,CPU_FREQUENCY_9,CPU_USAGE_0,CPU_USAGE_1,CPU_USAGE_10,CPU_USAGE_11,CPU_USAGE_2,CPU_USAGE_3,CPU_USAGE_4,CPU_USAGE_5,CPU_USAGE_6,CPU_USAGE_7,CPU_USAGE_8,CPU_USAGE_9,DRAM_ENERGY (J),PACKAGE_ENERGY (J),PP0_ENERGY (J),PP1_ENERGY (J),TOTAL_MEMORY,TOTAL_SWAP,USED_MEMORY,USED_SWAP
0,1740150438881,2600,2600,2600,2600,2600,2600,2600,2600,2600,2600,2600,2600,47.571502685546875,11.005859375,24.848716735839844,13.129348754882813,6.559196472167969,100,25.396629333496094,9.895408630371094,17.713600158691406,22.243057250976563,16.762657165527344,12.928443908691406,24936.34112548828,37474.70977783203,129038.99127197266,6735.0985107421875,17012051968,15032385536,7787839488,0
199,1740150438881,2600,2600,2600,2600,2600,2600,2600,2600,2600,2600,2600,2600,14.795730590820313,0,22.971656799316406,0,99.01678466796875,0,89.2972412109375,0,11.846092224121094,0,14.60308837890625,0,24936.34686279297,37474.80310058594,129039.03802490234,6735.0985107421875,17012051968,15032385536,7787511808,0
3,1740150439081,2600,2600,2600,2600,2600,2600,2600,2600,2600,2600,2600,2600,4.718482971191406,1.9443893432617188,3.5395889282226563,2.0540618896484375,7.391883850097656,2.9525299072265625,9.129043579101563,1.448944091796875,3.0850143432617188,1.5581741333007813,3.1910934448242188,1.9557647705078125,24936.498046875,37477.545837402344,129039.42333984375,6735.11572265625,17012051968,15032385536,7786360832,0
