Delta,Time,CPU_FREQUENCY_0,CPU_FREQUENCY_1,CPU_FREQUENCY_10,CPU_FREQUENCY_11,CPU_FREQUENCY_2,CPU_FREQUENCY_3,CPU_FREQUENCY_4,CPU_FREQUENCY_5,CPU_FREQUENCY_6,CPU_FREQUENCY_7,CPU_FREQUENCY_8,CPU_FREQUENCY_9,CPU_USAGE_0,CPU_USAGE_1,CPU_USAGE_10,CPU_USAGE_11,CPU_USAGE_2,CPU_USAGE_3,CPU_USAGE_4,CPU_USAGE_5,CPU_USAGE_6,CPU_USAGE_7,CPU_USAGE_8,CPU_USAGE_9,DRAM_ENERGY (J),PACKAGE_ENERGY (J),PP0_ENERGY (J),PP1_ENERGY (J),TOTAL_MEMORY,TOTAL_SWAP,USED_MEMORY,USED_SWAP
0,1740221745331,2600,2600,2600,2600,2600,2600,2600,2600,2600,2600,2600,2600,15.166015625,17.89312744140625,6.430877685546875,11.300300598144531,47.13923645019531,0,41.792808532714844,13.28509521484375,15.647933959960938,0,33.92650604248047,0,9584.712463378906,113009.6283569336,39198.49304199219,1830.6592407226563,17012051968,15032385536,8567517184,0
199,1740221745332,2600,2600,2600,2600,2600,2600,2600,2600,2600,2600,2600,2600,69.59367370605469,45.862579345703125,48.627925872802734,47.30260467529297,85.49253845214844,29.361526489257813,83.77448272705078,33.04698944091797,38.18743896484375,89.13685607910156,67.57514953613281,37.83460235595703,9584.722106933594,113009.79602050781,39198.581481933594,1830.66064453125,17012051968,15032385536,8566546432,0
3,1740221745532,2600,2600,2600,2600,2600,2600,2600,2600,2600,2600,2600,2600,0.9559478759765625,0,1.4083099365234375,0,34.70055389404297,0.11468505859375,7.084663391113281,0,0,4.9648895263671875,0,0.106414794921875,9584.865966796875,113012.72631835938,39199.14050292969,1830.6770629882813,17012051968,15032385536,8561672192,0
