Delta,Time,CORE0_ENERGY (J),CORE0_FREQ (MHZ),CORE0_PSTATE,CORE0_VOLT (V),CPU_ENERGY (J),CPU_FREQUENCY_0,CPU_FREQUENCY_1,CPU_FREQUENCY_10,CPU_FREQUENCY_11,CPU_FREQUENCY_2,CPU_FREQUENCY_3,CPU_FREQUENCY_4,CPU_FREQUENCY_5,CPU_FREQUENCY_6,CPU_FREQUENCY_7,CPU_FREQUENCY_8,CPU_FREQUENCY_9,CPU_USAGE_0,CPU_USAGE_1,CPU_USAGE_10,CPU_USAGE_11,CPU_USAGE_2,CPU_USAGE_3,CPU_USAGE_4,CPU_USAGE_5,CPU_USAGE_6,CPU_USAGE_7,CPU_USAGE_8,CPU_USAGE_9,TOTAL_MEMORY,TOTAL_SWAP,USED_MEMORY,USED_SWAP
0,1742748758442,6031.68586730957,4650,0,1.21875,11105.836044311523,3701,3701,3701,3701,3701,3701,3701,3701,3701,3701,3701,3701,17.928436279296875,46.007652282714844,11.735725402832031,6.1156005859375,44.101436614990234,7.986122131347656,35.98680877685547,27.54662322998047,6.047065734863281,15.068397521972656,79.75411987304688,3.365509033203125,34239672320,34583793664,9507987456,0
191,1742748758451,6031.741241455078,3720.0000000000005,0,1.21875,11106.53402709961,3701,3701,3701,3701,3701,3701,3701,3701,3701,3701,3701,3701,43.15012741088867,31.97112274169922,7.734519958496094,0,26.599464416503906,25.73113250732422,34.11766815185547,15.965446472167969,12.093635559082031,16.97344207763672,45.37029266357422,0,34239672320,34583793664,9508048896,0
200,1742748758642,8630.705505371094,4650,0,1.19375,11115.69351196289,3701,3701,3701,3701,3701,3701,3701,3701,3701,3701,3701,3701,13.221427917480469,5.141380310058594,4.8789520263671875,1.3604736328125,80.51263427734375,2.530975341796875,37.35187530517578,7.7771453857421875,0.8759231567382813,1.365386962890625,2.9494857788085938,3.3432159423828125,34239672320,34583793664,9532469248,0
200,1742748758842,8631.160110473633,3720.0000000000005,0,1.2,11124.507598876953,3701,3701,3701,3701,3701,3701,3701,3701,3701,3701,3701,3701,13.464912414550781,2.1094436645507813,1.6123504638671875,0.3726348876953125,86.44933319091797,2.1363601684570313,4.680870056152344,10.050827026367188,0.15097808837890625,1.1875762939453125,0.37233734130859375,0.9166259765625,34239672320,34583793664,9526857728,0
3,1742748759043,64683.155212402344,4650,0,1.18125,11132.28059387207,3701,3701,3701,3701,3701,3701,3701,3701,3701,3701,3701,3701,4.742584228515625,1.0878524780273438,1.5570831298828125,0.36663055419921875,49.0589714050293,8.26654052734375,9.351051330566406,1.445098876953125,0.1475982666015625,0.068328857421875,0.21009063720703125,0.2423095703125,34239672320,34583793664,9507790848,0
