Delta,Time,CORE0_ENERGY (J),CORE0_FREQ (MHZ),CORE0_PSTATE,CORE0_VOLT (V),CPU_ENERGY (J),CPU_FREQUENCY_0,CPU_FREQUENCY_1,CPU_FREQUENCY_10,CPU_FREQUENCY_11,CPU_FREQUENCY_2,CPU_FREQUENCY_3,CPU_FREQUENCY_4,CPU_FREQUENCY_5,CPU_FREQUENCY_6,CPU_FREQUENCY_7,CPU_FREQUENCY_8,CPU_FREQUENCY_9,CPU_USAGE_0,CPU_USAGE_1,CPU_USAGE_10,CPU_USAGE_11,CPU_USAGE_2,CPU_USAGE_3,CPU_USAGE_4,CPU_USAGE_5,CPU_USAGE_6,CPU_USAGE_7,CPU_USAGE_8,CPU_USAGE_9,TOTAL_MEMORY,TOTAL_SWAP,USED_MEMORY,USED_SWAP
0,1742748716060,5982.122329711914,3720.0000000000005,0,1.20625,9757.292282104492,3701,3701,3701,3701,3701,3701,3701,3701,3701,3701,3701,3701,74.9847183227539,2.4803009033203125,14.930717468261719,9.981216430664063,26.123191833496094,11.629196166992188,4.83392333984375,64.76791381835938,7.536476135253906,4.733909606933594,25.205299377441406,3.9371490478515625,34239672320,34583793664,9505128448,0
191,1742748716069,8586.751586914063,3720.0000000000005,0,1.19375,9757.944732666016,3701,3701,3701,3701,3701,3701,3701,3701,3701,3701,3701,3701,39.43694305419922,1.4076461791992188,23.660858154296875,24.422340393066406,61.0120964050293,21.134292602539063,21.30933380126953,28.408897399902344,3.6642913818359375,2.8120193481445313,34.99726104736328,4.4642181396484375,34239672320,34583793664,9507725312,0
199,1742748716260,8587.249069213867,4650,0,1.2,9766.301559448242,3701,3701,3701,3701,3701,3701,3701,3701,3701,3701,3701,3701,3.4027175903320313,1.580230712890625,0.43416595458984375,1.08892822265625,86.08336639404297,1.5141525268554688,8.884086608886719,8.55523681640625,0.44123077392578125,4.744049072265625,0,0.25292205810546875,34239672320,34583793664,9526325248,0
199,1742748716460,64661.005432128906,4650,0,1.19375,9775.060745239258,3701,3701,3701,3701,3701,3701,3701,3701,3701,3701,3701,3701,16.719467163085938,2.5363388061523438,1.145172119140625,2.4590682983398438,87.0060043334961,1.5935134887695313,5.248970031738281,10.006927490234375,0.7194061279296875,1.5478134155273438,1.6630325317382813,3.883209228515625,34239672320,34583793664,9541718016,0
3,1742748716660,64661.35643005371,4650,0,1.18125,9783.477127075195,3701,3701,3701,3701,3701,3701,3701,3701,3701,3701,3701,3701,8.706863403320313,5.190467834472656,0.5630035400390625,1.9165878295898438,46.733272552490234,3.1751785278320313,15.461799621582031,23.85363006591797,0.6186752319335938,0.430023193359375,3.707244873046875,0.8129730224609375,34239672320,34583793664,9510199296,0
