Delta,Time,CORE0_ENERGY (J),CORE0_FREQ (MHZ),CORE0_PSTATE,CORE0_VOLT (V),CPU_ENERGY (J),CPU_FREQUENCY_0,CPU_FREQUENCY_1,CPU_FREQUENCY_10,CPU_FREQUENCY_11,CPU_FREQUENCY_2,CPU_FREQUENCY_3,CPU_FREQUENCY_4,CPU_FREQUENCY_5,CPU_FREQUENCY_6,CPU_FREQUENCY_7,CPU_FREQUENCY_8,CPU_FREQUENCY_9,CPU_USAGE_0,CPU_USAGE_1,CPU_USAGE_10,CPU_USAGE_11,CPU_USAGE_2,CPU_USAGE_3,CPU_USAGE_4,CPU_USAGE_5,CPU_USAGE_6,CPU_USAGE_7,CPU_USAGE_8,CPU_USAGE_9,TOTAL_MEMORY,TOTAL_SWAP,USED_MEMORY,USED_SWAP
0,1742749418773,6820.966262817383,4650,0,1.2,32070.854690551758,3701,3701,3701,3701,3701,3701,3701,3701,3701,3701,3701,3701,72.8189697265625,0,1.046142578125,0,22.04279327392578,25.24872589111328,72.46650695800781,0,26.81231689453125,1.7335739135742188,45.829166412353516,16.98455047607422,34239672320,34583793664,9447534592,0
190,1742749418782,9328.989044189453,4650,0,1.2,32071.543991088867,3701,3701,3701,3701,3701,3701,3701,3701,3701,3701,3701,3701,42.85860061645508,11.053390502929688,18.39507293701172,8.753547668457031,50.697906494140625,32.13282775878906,48.23170471191406,39.233726501464844,29.465240478515625,9.044677734375,9.403663635253906,40.131919860839844,34239672320,34583793664,9447149568,0
200,1742749418973,6822.424835205078,4650,0,1.19375,32080.359268188477,3701,3701,3701,3701,3701,3701,3701,3701,3701,3701,3701,3701,8.515968322753906,3.2444610595703125,1.7652587890625,0.209320068359375,77.54424285888672,3.4049758911132813,30.731285095214844,6.756866455078125,3.6454620361328125,0.93475341796875,2.5980148315429688,1.0151901245117188,34239672320,34583793664,9465081856,0
200,1742749419174,9330.851989746094,3720.0000000000005,0,1.2125,32089.75390625,3701,3701,3701,3701,3701,3701,3701,3701,3701,3701,3701,3701,17.922805786132813,3.1726837158203125,3.6079864501953125,0.18326568603515625,50.65946578979492,6.0644378662109375,69.71075439453125,1.54327392578125,0.8676605224609375,7.7260894775390625,2.671356201171875,0.6371307373046875,34239672320,34583793664,9468858368,0
3,1742749419374,6824.405044555664,4650,0,1.18125,32098.1063079834,3701,3701,3701,3701,3701,3701,3701,3701,3701,3701,3701,3701,9.315826416015625,5.1752471923828125,1.776214599609375,0,44.504859924316406,2.2093734741210938,13.723472595214844,10.288459777832031,6.693511962890625,5.144584655761719,0.0944061279296875,0.4759368896484375,34239672320,34583793664,9450807296,0
