Delta,Time,CORE0_ENERGY (J),CORE0_FREQ (MHZ),CORE0_PSTATE,CORE0_VOLT (V),CPU_ENERGY (J),CPU_FREQUENCY_0,CPU_FREQUENCY_1,CPU_FREQUENCY_10,CPU_FREQUENCY_11,CPU_FREQUENCY_2,CPU_FREQUENCY_3,CPU_FREQUENCY_4,CPU_FREQUENCY_5,CPU_FREQUENCY_6,CPU_FREQUENCY_7,CPU_FREQUENCY_8,CPU_FREQUENCY_9,CPU_USAGE_0,CPU_USAGE_1,CPU_USAGE_10,CPU_USAGE_11,CPU_USAGE_2,CPU_USAGE_3,CPU_USAGE_4,CPU_USAGE_5,CPU_USAGE_6,CPU_USAGE_7,CPU_USAGE_8,CPU_USAGE_9,TOTAL_MEMORY,TOTAL_SWAP,USED_MEMORY,USED_SWAP
0,1742749439962,6843.102203369141,4650,0,1.20625,32732.71240234375,3701,3701,3701,3701,3701,3701,3701,3701,3701,3701,3701,3701,76.25736236572266,30.425567626953125,35.90886688232422,12.053260803222656,49.34770202636719,26.893661499023438,28.476173400878906,49.32170867919922,53.469425201416016,6.136100769042969,59.770469665527344,21.521331787109375,34239672320,34583793664,9438318592,0
190,1742749439972,6843.174133300781,4650,0,1.19375,32733.528106689453,3701,3701,3701,3701,3701,3701,3701,3701,3701,3701,3701,3701,67.79888916015625,12.051063537597656,49.276126861572266,0,46.33479309082031,26.270309448242188,46.208736419677734,26.046463012695313,4.400543212890625,22.87822723388672,18.919273376464844,25.2496337890625,34239672320,34583793664,9437147136,0
199,1742749440163,9352.362899780273,4650,0,1.2,32742.300582885742,3701,3701,3701,3701,3701,3701,3701,3701,3701,3701,3701,3701,8.105842590332031,3.3791580200195313,3.41363525390625,0,62.82960510253906,6.750709533691406,28.83802032470703,9.331718444824219,0.4984130859375,2.4240570068359375,4.367118835449219,0.7287826538085938,34239672320,34583793664,9459200000,0
200,1742749440363,9353.154647827148,3720.0000000000005,0,1.175,32750.922409057617,3701,3701,3701,3701,3701,3701,3701,3701,3701,3701,3701,3701,6.263175964355469,1.1902084350585938,1.10693359375,0,63.947200775146484,3.7718734741210938,30.426918029785156,5.357780456542969,0,0,0.1417083740234375,0,34239672320,34583793664,9475321856,0
3,1742749440563,6846.59196472168,4650,0,1.18125,32759.129180908203,3701,3701,3701,3701,3701,3701,3701,3701,3701,3701,3701,3701,8.647018432617188,4.4817657470703125,1.830078125,0,45.452796936035156,3.3881149291992188,26.226524353027344,2.5988998413085938,0,0.117095947265625,0.50634765625,0.25986480712890625,34239672320,34583793664,9449209856,0
