Delta,Time,CORE0_ENERGY (J),CORE0_FREQ (MHZ),CORE0_PSTATE,CORE0_VOLT (V),CPU_ENERGY (J),CPU_FREQUENCY_0,CPU_FREQUENCY_1,CPU_FREQUENCY_10,CPU_FREQUENCY_11,CPU_FREQUENCY_2,CPU_FREQUENCY_3,CPU_FREQUENCY_4,CPU_FREQUENCY_5,CPU_FREQUENCY_6,CPU_FREQUENCY_7,CPU_FREQUENCY_8,CPU_FREQUENCY_9,CPU_USAGE_0,CPU_USAGE_1,CPU_USAGE_10,CPU_USAGE_11,CPU_USAGE_2,CPU_USAGE_3,CPU_USAGE_4,CPU_USAGE_5,CPU_USAGE_6,CPU_USAGE_7,CPU_USAGE_8,CPU_USAGE_9,TOTAL_MEMORY,TOTAL_SWAP,USED_MEMORY,USED_SWAP
0,1742749631933,7070.507110595703,4650,0,1.20625,38786.81303405762,3701,3701,3701,3701,3701,3701,3701,3701,3701,3701,3701,3701,72.66455841064453,5.844581604003906,41.26312255859375,3.8571319580078125,43.82158660888672,14.316505432128906,24.722549438476563,66.67778015136719,6.291175842285156,63.72604751586914,27.472091674804688,8.80853271484375,34239672320,34583793664,9348698112,0
191,1742749631942,7070.579162597656,4650,0,1.2,38787.56423950195,3701,3701,3701,3701,3701,3701,3701,3701,3701,3701,3701,3701,40.982879638671875,15.608261108398438,15.730667114257813,0,67.71713256835938,27.483489990234375,5.104988098144531,100,18.081893920898438,0.8231735229492188,58.56034851074219,1.6134872436523438,34239672320,34583793664,9350848512,0
200,1742749632133,9558.658752441406,4650,0,1.18125,38796.047271728516,3701,3701,3701,3701,3701,3701,3701,3701,3701,3701,3701,3701,4.7116241455078125,1.4412612915039063,1.21466064453125,0,74.50251770019531,1.7201156616210938,18.91961669921875,14.582283020019531,0,0,4.5757598876953125,0.03969573974609375,34239672320,34583793664,9362849792,0
200,1742749632334,9559.062881469727,3720.0000000000005,0,1.18125,38804.629302978516,3701,3701,3701,3701,3701,3701,3701,3701,3701,3701,3701,3701,11.06298828125,1.4541168212890625,1.965850830078125,0.41190338134765625,89.41481018066406,1.802459716796875,3.1962966918945313,7.874244689941406,0.7466888427734375,0.5481643676757813,0.653411865234375,0.5740509033203125,34239672320,34583793664,9382477824,0
3,1742749632534,7074.472061157227,4650,0,1.18125,38812.65351867676,3701,3701,3701,3701,3701,3701,3701,3701,3701,3701,3701,3701,6.786659240722656,3.3245086669921875,4.296287536621094,2.7250518798828125,45.466495513916016,6.814033508300781,13.701499938964844,1.2306671142578125,0.119903564453125,0,3.0382461547851563,0.5062332153320313,34239672320,34583793664,9347170304,0
