Delta,Time,CORE0_ENERGY (J),CORE0_FREQ (MHZ),CORE0_PSTATE,CORE0_VOLT (V),CPU_ENERGY (J),CPU_FREQUENCY_0,CPU_FREQUENCY_1,CPU_FREQUENCY_10,CPU_FREQUENCY_11,CPU_FREQUENCY_2,CPU_FREQUENCY_3,CPU_FREQUENCY_4,CPU_FREQUENCY_5,CPU_FREQUENCY_6,CPU_FREQUENCY_7,CPU_FREQUENCY_8,CPU_FREQUENCY_9,CPU_USAGE_0,CPU_USAGE_1,CPU_USAGE_10,CPU_USAGE_11,CPU_USAGE_2,CPU_USAGE_3,CPU_USAGE_4,CPU_USAGE_5,CPU_USAGE_6,CPU_USAGE_7,CPU_USAGE_8,CPU_USAGE_9,TOTAL_MEMORY,TOTAL_SWAP,USED_MEMORY,USED_SWAP
0,1742749845126,7321.559280395508,4650,0,1.19375,45463.32157897949,3701,3701,3701,3701,3701,3701,3701,3701,3701,3701,3701,3701,71.91944885253906,0,0,0,17.894554138183594,6.221092224121094,18.189544677734375,48.35879135131836,24.761878967285156,0,10.477241516113281,0,34239672320,34583793664,9500389376,0
191,1742749845135,9779.963516235352,4650,0,1.19375,45463.95474243164,3701,3701,3701,3701,3701,3701,3701,3701,3701,3701,3701,3701,20.185317993164063,26.802703857421875,7.7746734619140625,46.99333572387695,69.59490966796875,13.816841125488281,62.223960876464844,14.061195373535156,15.435516357421875,31.370376586914063,21.751632690429688,8.748313903808594,34239672320,34583793664,9500454912,0
199,1742749845326,9780.475402832031,3720.0000000000005,0,1.18125,45472.501373291016,3701,3701,3701,3701,3701,3701,3701,3701,3701,3701,3701,3701,6.698822021484375,1.6670303344726563,0.1345672607421875,1.3390045166015625,85.01286315917969,1.3644561767578125,10.842720031738281,7.334983825683594,0.2312164306640625,0,0.7533798217773438,0.249237060546875,34239672320,34583793664,9522786304,0
200,1742749845526,9780.939514160156,3720.0000000000005,0,1.18125,45481.11993408203,3701,3701,3701,3701,3701,3701,3701,3701,3701,3701,3701,3701,16.345977783203125,1.779144287109375,0.9139480590820313,1.6079177856445313,81.33304595947266,1.9710922241210938,7.3019256591796875,7.801300048828125,0.5947799682617188,0.25548553466796875,0.6868820190429688,0.5196075439453125,34239672320,34583793664,9525886976,0
4,1742749845727,7325.458541870117,4650,0,1.18125,45488.85998535156,3701,3701,3701,3701,3701,3701,3701,3701,3701,3701,3701,3701,3.1267852783203125,5.265190124511719,0.43892669677734375,2.2392501831054688,47.105682373046875,2.1669082641601563,11.527839660644531,2.4295578002929688,0.89501953125,0.45699310302734375,0.49443817138671875,3.7090377807617188,34239672320,34583793664,9506197504,0
