Delta,Time,CORE0_ENERGY (J),CORE0_FREQ (MHZ),CORE0_PSTATE,CORE0_VOLT (V),CPU_ENERGY (J),CPU_FREQUENCY_0,CPU_FREQUENCY_1,CPU_FREQUENCY_10,CPU_FREQUENCY_11,CPU_FREQUENCY_2,CPU_FREQUENCY_3,CPU_FREQUENCY_4,CPU_FREQUENCY_5,CPU_FREQUENCY_6,CPU_FREQUENCY_7,CPU_FREQUENCY_8,CPU_FREQUENCY_9,CPU_USAGE_0,CPU_USAGE_1,CPU_USAGE_10,CPU_USAGE_11,CPU_USAGE_2,CPU_USAGE_3,CPU_USAGE_4,CPU_USAGE_5,CPU_USAGE_6,CPU_USAGE_7,CPU_USAGE_8,CPU_USAGE_9,TOTAL_MEMORY,TOTAL_SWAP,USED_MEMORY,USED_SWAP
0,1742749866324,65281.228088378906,4650,0,1.19375,46113.73344421387,3701,3701,3701,3701,3701,3701,3701,3701,3701,3701,3701,3701,19.159889221191406,4.135948181152344,0.7901840209960938,0,39.54869842529297,0,15.9072265625,7.8628387451171875,0,0.9484481811523438,8.952102661132813,0,34239672320,34583793664,9360297984,0
199,1742749866325,7346.126159667969,4650,0,1.20625,46114.06748962402,3701,3701,3701,3701,3701,3701,3701,3701,3701,3701,3701,3701,84.67132568359375,7.675056457519531,13.591361999511719,21.447860717773438,73.96882629394531,19.801979064941406,11.069679260253906,77.11485290527344,19.07904815673828,29.132911682128906,36.475074768066406,8.643722534179688,34239672320,34583793664,9359978496,0
200,1742749866525,9800.625381469727,4650,0,1.2,46122.6808013916,3701,3701,3701,3701,3701,3701,3701,3701,3701,3701,3701,3701,8.337257385253906,4.443550109863281,0.0436859130859375,2.6725082397460938,68.33682250976563,2.4098358154296875,27.40899658203125,10.104354858398438,0.29248809814453125,0.387908935546875,2.6767654418945313,0.3170928955078125,34239672320,34583793664,9375969280,0
200,1742749866725,9801.161727905273,4650,0,1.2,46131.65548706055,3701,3701,3701,3701,3701,3701,3701,3701,3701,3701,3701,3701,6.939857482910156,1.7768783569335938,0.79345703125,1.8393325805664063,87.03605651855469,0.7709884643554688,12.053657531738281,9.389167785644531,0.217071533203125,0.43988800048828125,1.52984619140625,0.7241592407226563,34239672320,34583793664,9379409920,0
3,1742749866926,7349.874053955078,4650,0,1.2,46139.52445983887,3701,3701,3701,3701,3701,3701,3701,3701,3701,3701,3701,3701,5.498931884765625,0.74176025390625,0.22064971923828125,2.3304901123046875,43.90018844604492,4.874946594238281,19.743492126464844,2.5212554931640625,0.5054473876953125,0.32745361328125,0.31423187255859375,1.0436248779296875,34239672320,34583793664,9355042816,0
