Delta,Time,CORE0_ENERGY (J),CORE0_FREQ (MHZ),CORE0_PSTATE,CORE0_VOLT (V),CPU_ENERGY (J),CPU_FREQUENCY_0,CPU_FREQUENCY_1,CPU_FREQUENCY_10,CPU_FREQUENCY_11,CPU_FREQUENCY_2,CPU_FREQUENCY_3,CPU_FREQUENCY_4,CPU_FREQUENCY_5,CPU_FREQUENCY_6,CPU_FREQUENCY_7,CPU_FREQUENCY_8,CPU_FREQUENCY_9,CPU_USAGE_0,CPU_USAGE_1,CPU_USAGE_10,CPU_USAGE_11,CPU_USAGE_2,CPU_USAGE_3,CPU_USAGE_4,CPU_USAGE_5,CPU_USAGE_6,CPU_USAGE_7,CPU_USAGE_8,CPU_USAGE_9,TOTAL_MEMORY,TOTAL_SWAP,USED_MEMORY,USED_SWAP
0,1742749781154,7246.698059082031,4650,0,1.2,43461.7781829834,3701,3701,3701,3701,3701,3701,3701,3701,3701,3701,3701,3701,76.10688018798828,0,15.633575439453125,0,41.14215850830078,0,34.82139587402344,26.918502807617188,3.4520339965820313,0,3.31536865234375,3.3220367431640625,34239672320,34583793664,9611919360,0
190,1742749781163,9714.687911987305,4650,0,1.19375,43462.423110961914,3701,3701,3701,3701,3701,3701,3701,3701,3701,3701,3701,3701,37.313961029052734,2.3614501953125,16.416465759277344,2.4662628173828125,67.58308410644531,10.071434020996094,52.53156280517578,18.64488983154297,8.188079833984375,1.4471817016601563,6.93438720703125,18.844024658203125,34239672320,34583793664,9614450688,0
200,1742749781354,7248.191650390625,4650,0,1.2125,43470.93495178223,3701,3701,3701,3701,3701,3701,3701,3701,3701,3701,3701,3701,5.579460144042969,2.0892410278320313,0.34674072265625,1.58599853515625,82.25538635253906,1.5091018676757813,11.167610168457031,7.785453796386719,0,0,4.570152282714844,0.821533203125,34239672320,34583793664,9632153600,0
199,1742749781555,65239.261795043945,3720.0000000000005,0,1.2,43480.114334106445,3701,3701,3701,3701,3701,3701,3701,3701,3701,3701,3701,3701,15.891159057617188,2.7379608154296875,1.4922943115234375,1.9895782470703125,77.14619445800781,3.3676528930664063,13.353256225585938,23.65821075439453,9.186080932617188,0.5517044067382813,4.889274597167969,1.190643310546875,34239672320,34583793664,9647546368,0
4,1742749781755,9716.427703857422,4650,0,1.18125,43488.04002380371,3701,3701,3701,3701,3701,3701,3701,3701,3701,3701,3701,3701,3.9956207275390625,1.508941650390625,0.6621551513671875,1.7807388305664063,42.6203498840332,3.5787811279296875,15.767372131347656,18.377212524414063,0.30149078369140625,3.108551025390625,0.521209716796875,0.4882659912109375,34239672320,34583793664,9620578304,0
