Delta,Time,CORE0_ENERGY (J),CORE0_FREQ (MHZ),CORE0_PSTATE,CORE0_VOLT (V),CPU_ENERGY (J),CPU_FREQUENCY_0,CPU_FREQUENCY_1,CPU_FREQUENCY_10,CPU_FREQUENCY_11,CPU_FREQUENCY_2,CPU_FREQUENCY_3,CPU_FREQUENCY_4,CPU_FREQUENCY_5,CPU_FREQUENCY_6,CPU_FREQUENCY_7,CPU_FREQUENCY_8,CPU_FREQUENCY_9,CPU_USAGE_0,CPU_USAGE_1,CPU_USAGE_10,CPU_USAGE_11,CPU_USAGE_2,CPU_USAGE_3,CPU_USAGE_4,CPU_USAGE_5,CPU_USAGE_6,CPU_USAGE_7,CPU_USAGE_8,CPU_USAGE_9,TOTAL_MEMORY,TOTAL_SWAP,USED_MEMORY,USED_SWAP
0,1742748865057,6154.66764831543,4650,0,1.2125,14490.716690063477,3701,3701,3701,3701,3701,3701,3701,3701,3701,3701,3701,3701,40.47341537475586,10.366493225097656,13.497428894042969,12.704704284667969,84.07443237304688,5.758918762207031,34.77777862548828,21.019439697265625,4.9539794921875,11.944175720214844,11.203636169433594,19.073158264160156,34239672320,34583793664,9455456256,0
199,1742748865058,6154.700500488281,4650,0,1.2,14491.056671142578,3701,3701,3701,3701,3701,3701,3701,3701,3701,3701,3701,3701,56.70549774169922,25.320404052734375,3.9681320190429688,53.55398941040039,95.1002426147461,6.934654235839844,26.958648681640625,22.30554962158203,14.78759765625,3.398162841796875,48.192588806152344,4.288116455078125,34239672320,34583793664,9455230976,0
200,1742748865258,8742.458221435547,4650,0,1.2,14499.993576049805,3701,3701,3701,3701,3701,3701,3701,3701,3701,3701,3701,3701,6.6889495849609375,0.939788818359375,4.526954650878906,2.9944992065429688,89.60842895507813,2.8265380859375,2.6210479736328125,11.059951782226563,3.6359939575195313,0.00176239013671875,1.4245681762695313,3.4004898071289063,34239672320,34583793664,9465720832,0
200,1742748865458,6157.430252075195,3720.0000000000005,0,1.2125,14509.08804321289,3701,3701,3701,3701,3701,3701,3701,3701,3701,3701,3701,3701,5.215324401855469,1.9893569946289063,1.6874008178710938,0.5373458862304688,59.59428787231445,3.3627090454101563,33.75660705566406,13.493942260742188,0.5053787231445313,0.8322601318359375,10.848220825195313,1.2888946533203125,34239672320,34583793664,9479892992,0
3,1742748865658,8744.491653442383,4650,0,1.20625,14517.067642211914,3701,3701,3701,3701,3701,3701,3701,3701,3701,3701,3701,3701,3.5922927856445313,0.9882888793945313,1.7688446044921875,0.17986297607421875,4.399322509765625,2.3120803833007813,55.61819076538086,0.49391937255859375,0.25255584716796875,0.33099365234375,0.27259063720703125,0.401641845703125,34239672320,34583793664,9455980544,0
