Delta,Time,CORE0_ENERGY (J),CORE0_FREQ (MHZ),CORE0_PSTATE,CORE0_VOLT (V),CPU_ENERGY (J),CPU_FREQUENCY_0,CPU_FREQUENCY_1,CPU_FREQUENCY_10,CPU_FREQUENCY_11,CPU_FREQUENCY_2,CPU_FREQUENCY_3,CPU_FREQUENCY_4,CPU_FREQUENCY_5,CPU_FREQUENCY_6,CPU_FREQUENCY_7,CPU_FREQUENCY_8,CPU_FREQUENCY_9,CPU_USAGE_0,CPU_USAGE_1,CPU_USAGE_10,CPU_USAGE_11,CPU_USAGE_2,CPU_USAGE_3,CPU_USAGE_4,CPU_USAGE_5,CPU_USAGE_6,CPU_USAGE_7,CPU_USAGE_8,CPU_USAGE_9,TOTAL_MEMORY,TOTAL_SWAP,USED_MEMORY,USED_SWAP
0,1742749354996,9257.595230102539,4650,0,1.1875,30040.64468383789,3701,3701,3701,3701,3701,3701,3701,3701,3701,3701,3701,3701,88.384521484375,3.8112258911132813,4.392051696777344,17.692718505859375,42.825199127197266,11.106468200683594,16.163864135742188,46.816402435302734,23.755416870117188,3.4949111938476563,30.635269165039063,5.925445556640625,34239672320,34583793664,9392459776,0
190,1742749355006,9257.656631469727,4650,0,1.19375,30041.332138061523,3701,3701,3701,3701,3701,3701,3701,3701,3701,3701,3701,3701,33.835472106933594,5.104194641113281,7.228446960449219,14.509254455566406,71.57987976074219,14.498031616210938,54.82295227050781,16.777862548828125,14.29608154296875,5.4437713623046875,12.86669921875,4.280670166015625,34239672320,34583793664,9400750080,0
199,1742749355196,65006.51670837402,3720.0000000000005,0,1.20625,30051.606689453125,3701,3701,3701,3701,3701,3701,3701,3701,3701,3701,3701,3701,16.078392028808594,9.160385131835938,10.288963317871094,4.814384460449219,82.28936767578125,5.661231994628906,23.47345733642578,32.862998962402344,22.901634216308594,1.9021759033203125,8.003669738769531,3.6494369506835938,34239672320,34583793664,9432375296,0
200,1742749355396,9259.185043334961,4650,0,1.19375,30061.512649536133,3701,3701,3701,3701,3701,3701,3701,3701,3701,3701,3701,3701,15.957359313964844,2.257720947265625,6.757530212402344,4.117156982421875,85.85408020019531,2.6638946533203125,14.504753112792969,14.755256652832031,0.552154541015625,0.593505859375,12.278144836425781,3.9387588500976563,34239672320,34583793664,9442697216,0
4,1742749355597,9259.535140991211,4650,0,1.18125,30069.46957397461,3701,3701,3701,3701,3701,3701,3701,3701,3701,3701,3701,3701,4.8227996826171875,1.7986679077148438,0.48382568359375,1.8664016723632813,45.26987838745117,4.832496643066406,16.22613525390625,1.026031494140625,0.496551513671875,0.48113250732421875,0.531768798828125,0.7613449096679688,34239672320,34583793664,9422385152,0
