Delta,Time,CORE0_ENERGY (J),CORE0_FREQ (MHZ),CORE0_PSTATE,CORE0_VOLT (V),CPU_ENERGY (J),CPU_FREQUENCY_0,CPU_FREQUENCY_1,CPU_FREQUENCY_10,CPU_FREQUENCY_11,CPU_FREQUENCY_2,CPU_FREQUENCY_3,CPU_FREQUENCY_4,CPU_FREQUENCY_5,CPU_FREQUENCY_6,CPU_FREQUENCY_7,CPU_FREQUENCY_8,CPU_FREQUENCY_9,CPU_USAGE_0,CPU_USAGE_1,CPU_USAGE_10,CPU_USAGE_11,CPU_USAGE_2,CPU_USAGE_3,CPU_USAGE_4,CPU_USAGE_5,CPU_USAGE_6,CPU_USAGE_7,CPU_USAGE_8,CPU_USAGE_9,TOTAL_MEMORY,TOTAL_SWAP,USED_MEMORY,USED_SWAP
0,1742749205811,9099.390319824219,4650,0,1.19375,25336.092651367188,3701,3701,3701,3701,3701,3701,3701,3701,3701,3701,3701,3701,33.69091796875,12.504020690917969,8.597549438476563,6.519645690917969,34.789161682128906,35.43193054199219,68.00798034667969,22.543357849121094,15.951683044433594,11.245079040527344,9.64703369140625,19.21649169921875,34239672320,34583793664,9549180928,0
195,1742749205816,64926.23356628418,4650,0,1.20625,25336.50880432129,3701,3701,3701,3701,3701,3701,3701,3701,3701,3701,3701,3701,55.391868591308594,16.37334442138672,2.16082763671875,31.54669189453125,29.221420288085938,32.80377197265625,29.044754028320313,5.7322998046875,0,53.6536979675293,33.424842834472656,0.615631103515625,34239672320,34583793664,9548853248,0
200,1742749206012,6569.33203125,4650,0,1.20625,25345.474182128906,3701,3701,3701,3701,3701,3701,3701,3701,3701,3701,3701,3701,7.833518981933594,4.766517639160156,0.379058837890625,1.6860198974609375,49.34804153442383,6.243934631347656,46.84033966064453,21.39392852783203,1.1910934448242188,3.1474609375,1.5184555053710938,0.8467864990234375,34239672320,34583793664,9565306880,0
199,1742749206212,9101.33706665039,4650,0,1.2,25354.27149963379,3701,3701,3701,3701,3701,3701,3701,3701,3701,3701,3701,3701,13.331161499023438,1.7972030639648438,0.44085693359375,1.7975006103515625,59.442691802978516,4.1953277587890625,31.43836212158203,5.132484436035156,0.6868820190429688,0.20926666259765625,1.146820068359375,0.47686767578125,34239672320,34583793664,9579769856,0
2,1742749206412,6571.488220214844,4650,0,1.18125,25362.101470947266,3701,3701,3701,3701,3701,3701,3701,3701,3701,3701,3701,3701,5.6247711181640625,1.2025299072265625,0.46916961669921875,1.871795654296875,49.904014587402344,1.60675048828125,13.189002990722656,1.1205673217773438,0.46208953857421875,0.540435791015625,3.5272293090820313,0.5263824462890625,34239672320,34583793664,9550409728,0
