Delta,Time,CORE0_ENERGY (J),CORE0_FREQ (MHZ),CORE0_PSTATE,CORE0_VOLT (V),CPU_ENERGY (J),CPU_FREQUENCY_0,CPU_FREQUENCY_1,CPU_FREQUENCY_10,CPU_FREQUENCY_11,CPU_FREQUENCY_2,CPU_FREQUENCY_3,CPU_FREQUENCY_4,CPU_FREQUENCY_5,CPU_FREQUENCY_6,CPU_FREQUENCY_7,CPU_FREQUENCY_8,CPU_FREQUENCY_9,CPU_USAGE_0,CPU_USAGE_1,CPU_USAGE_10,CPU_USAGE_11,CPU_USAGE_2,CPU_USAGE_3,CPU_USAGE_4,CPU_USAGE_5,CPU_USAGE_6,CPU_USAGE_7,CPU_USAGE_8,CPU_USAGE_9,TOTAL_MEMORY,TOTAL_SWAP,USED_MEMORY,USED_SWAP
0,1742749887517,7370.167495727539,3720.0000000000005,0,1.19375,46765.726974487305,3701,3701,3701,3701,3701,3701,3701,3701,3701,3701,3701,3701,81.53582763671875,0,0,0,34.61985778808594,3.41961669921875,32.05889129638672,32.23762512207031,3.9958038330078125,0,0,17.036834716796875,34239672320,34583793664,9343328256,0
190,1742749887526,7370.221466064453,3720.0000000000005,0,1.21875,46766.372970581055,3701,3701,3701,3701,3701,3701,3701,3701,3701,3701,3701,3701,24.135696411132813,9.328269958496094,29.606727600097656,5.2933502197265625,35.040443420410156,12.259735107421875,40.5552978515625,21.462242126464844,58.22035217285156,0.20365142822265625,34.404335021972656,3.8077392578125,34239672320,34583793664,9344823296,0
200,1742749887717,9820.459381103516,4650,0,1.18125,46774.735107421875,3701,3701,3701,3701,3701,3701,3701,3701,3701,3701,3701,3701,6.812690734863281,4.406303405761719,0.23896026611328125,1.1739883422851563,83.1540756225586,1.1874771118164063,6.073944091796875,10.417381286621094,2.6256332397460938,0.16265106201171875,0.31417083740234375,0.559661865234375,34239672320,34583793664,9366102016,0
199,1742749887917,9820.868515014648,3720.0000000000005,0,1.19375,46783.502853393555,3701,3701,3701,3701,3701,3701,3701,3701,3701,3701,3701,3701,15.018112182617188,1.7236251831054688,0.6088485717773438,1.6711196899414063,85.42646026611328,0.8180923461914063,2.2516403198242188,9.461761474609375,0.32666015625,2.07257080078125,3.0308609008789063,0.6168975830078125,34239672320,34583793664,9384038400,0
4,1742749888117,7374.146438598633,4650,0,1.18125,46791.23751831055,3701,3701,3701,3701,3701,3701,3701,3701,3701,3701,3701,3701,3.9315109252929688,1.1051025390625,0.02873992919921875,1.8811874389648438,55.98460388183594,0.913482666015625,0.8958358764648438,16.503570556640625,0.406036376953125,0.539581298828125,0.9045333862304688,0.6904678344726563,34239672320,34583793664,9359962112,0
