Delta,Time,CORE0_ENERGY (J),CORE0_FREQ (MHZ),CORE0_PSTATE,CORE0_VOLT (V),CPU_ENERGY (J),CPU_FREQUENCY_0,CPU_FREQUENCY_1,CPU_FREQUENCY_10,CPU_FREQUENCY_11,CPU_FREQUENCY_2,CPU_FREQUENCY_3,CPU_FREQUENCY_4,CPU_FREQUENCY_5,CPU_FREQUENCY_6,CPU_FREQUENCY_7,CPU_FREQUENCY_8,CPU_FREQUENCY_9,CPU_USAGE_0,CPU_USAGE_1,CPU_USAGE_10,CPU_USAGE_11,CPU_USAGE_2,CPU_USAGE_3,CPU_USAGE_4,CPU_USAGE_5,CPU_USAGE_6,CPU_USAGE_7,CPU_USAGE_8,CPU_USAGE_9,TOTAL_MEMORY,TOTAL_SWAP,USED_MEMORY,USED_SWAP
0,1742749482551,52230.483139038086,3720.0000000000005,0,1.225,34088.68032836914,3701,3701,3701,3701,3701,3701,3701,3701,3701,3701,3701,3701,75.49063873291016,13.985786437988281,100,0,33.299339294433594,35.308876037597656,26.45391845703125,30.59296417236328,20.613258361816406,3.1492767333984375,2.6923828125,31.63172149658203,34239672320,34583793664,9699741696,0
200,1742749482551,6894.949447631836,3720.0000000000005,0,1.225,34089.039489746094,3701,3701,3701,3701,3701,3701,3701,3701,3701,3701,3701,3701,45.20260238647461,86.73937225341797,100,0,28.09404754638672,31.89794921875,22.04302215576172,100,98.05302429199219,0,5.416709899902344,18.58929443359375,34239672320,34583793664,9700167680,0
200,1742749482751,6895.932235717773,4650,0,1.2125,34100.82876586914,3701,3701,3701,3701,3701,3701,3701,3701,3701,3701,3701,3701,31.711563110351563,12.688392639160156,73.65464782714844,3.5374374389648438,39.56938552856445,12.387702941894531,32.423988342285156,60.94743728637695,7.313591003417969,11.72216796875,11.686508178710938,15.039222717285156,34239672320,34583793664,9693151232,0
199,1742749482952,9401.161819458008,3720.0000000000005,0,1.21875,34110.210693359375,3701,3701,3701,3701,3701,3701,3701,3701,3701,3701,3701,3701,12.435684204101563,1.09033203125,1.4786224365234375,2.8990325927734375,66.78007507324219,4.2104034423828125,22.27111053466797,4.5302886962890625,0.2198333740234375,0.02246856689453125,3.2769393920898438,1.6656570434570313,34239672320,34583793664,9677938688,0
3,1742749483152,6898.275421142578,4650,0,1.18125,34118.20309448242,3701,3701,3701,3701,3701,3701,3701,3701,3701,3701,3701,3701,3.3531723022460938,1.3745651245117188,1.4287109375,0,47.58772277832031,4.462959289550781,16.727371215820313,1.1228713989257813,0,0.02030181884765625,0.06081390380859375,0.6578521728515625,34239672320,34583793664,9654173696,0
