Delta,Time,CORE0_ENERGY (J),CORE0_FREQ (MHZ),CORE0_PSTATE,CORE0_VOLT (V),CPU_ENERGY (J),CPU_FREQUENCY_0,CPU_FREQUENCY_1,CPU_FREQUENCY_10,CPU_FREQUENCY_11,CPU_FREQUENCY_2,CPU_FREQUENCY_3,CPU_FREQUENCY_4,CPU_FREQUENCY_5,CPU_FREQUENCY_6,CPU_FREQUENCY_7,CPU_FREQUENCY_8,CPU_FREQUENCY_9,CPU_USAGE_0,CPU_USAGE_1,CPU_USAGE_10,CPU_USAGE_11,CPU_USAGE_2,CPU_USAGE_3,CPU_USAGE_4,CPU_USAGE_5,CPU_USAGE_6,CPU_USAGE_7,CPU_USAGE_8,CPU_USAGE_9,TOTAL_MEMORY,TOTAL_SWAP,USED_MEMORY,USED_SWAP
0,1742748950237,8835.538009643555,4650,0,1.20625,17244.32452392578,3701,3701,3701,3701,3701,3701,3701,3701,3701,3701,3701,3701,39.63142776489258,9.770942687988281,13.811439514160156,15.125625610351563,69.24107360839844,18.937255859375,32.716712951660156,42.05992126464844,14.122245788574219,31.127700805664063,28.358421325683594,11.242027282714844,34239672320,34583793664,9670934528,0
191,1742748950246,8835.595474243164,3720.0000000000005,0,1.19375,17245.02180480957,3701,3701,3701,3701,3701,3701,3701,3701,3701,3701,3701,3701,60.378501892089844,0,0.1996612548828125,18.06073760986328,54.78630447387695,3.6510543823242188,21.11621856689453,18.60511016845703,22.21009063720703,13.291923522949219,8.808097839355469,0.9957427978515625,34239672320,34583793664,9670569984,0
200,1742748950437,8836.032089233398,4650,0,1.19375,17253.349411010742,3701,3701,3701,3701,3701,3701,3701,3701,3701,3701,3701,3701,3.486236572265625,2.1904296875,1.9279632568359375,0.5160751342773438,91.06781768798828,2.9045333862304688,5.7327117919921875,9.607902526855469,0.8223114013671875,0.50970458984375,1.2880859375,0.813812255859375,34239672320,34583793664,9680408576,0
200,1742748950637,8836.441009521484,4650,0,1.19375,17262.173614501953,3701,3701,3701,3701,3701,3701,3701,3701,3701,3701,3701,3701,11.992988586425781,0.9804840087890625,4.3434600830078125,0.41628265380859375,87.43582916259766,1.4987030029296875,4.9605712890625,6.321296691894531,0.8405532836914063,0.030303955078125,0.518768310546875,0.785491943359375,34239672320,34583793664,9695379456,0
4,1742748950837,8836.806655883789,4650,0,1.19375,17269.843154907227,3701,3701,3701,3701,3701,3701,3701,3701,3701,3701,3701,3701,3.6061019897460938,0.4372100830078125,1.3779525756835938,0.48859405517578125,46.994789123535156,1.9420928955078125,17.27751922607422,1.4264297485351563,0.5286026000976563,0,0.08527374267578125,0.8905105590820313,34239672320,34583793664,9666256896,0
