Delta,Time,CORE0_ENERGY (J),CORE0_FREQ (MHZ),CORE0_PSTATE,CORE0_VOLT (V),CPU_ENERGY (J),CPU_FREQUENCY_0,CPU_FREQUENCY_1,CPU_FREQUENCY_10,CPU_FREQUENCY_11,CPU_FREQUENCY_2,CPU_FREQUENCY_3,CPU_FREQUENCY_4,CPU_FREQUENCY_5,CPU_FREQUENCY_6,CPU_FREQUENCY_7,CPU_FREQUENCY_8,CPU_FREQUENCY_9,CPU_USAGE_0,CPU_USAGE_1,CPU_USAGE_10,CPU_USAGE_11,CPU_USAGE_2,CPU_USAGE_3,CPU_USAGE_4,CPU_USAGE_5,CPU_USAGE_6,CPU_USAGE_7,CPU_USAGE_8,CPU_USAGE_9,TOTAL_MEMORY,TOTAL_SWAP,USED_MEMORY,USED_SWAP
0,1742748652059,8515.772430419922,4650,0,1.2,7710.750549316406,3701,3701,3701,3701,3701,3701,3701,3701,3701,3701,3701,3701,24.48676300048828,18.860809326171875,11.96051025390625,0.6728897094726563,2.79583740234375,99.88713836669922,49.733558654785156,40.12171936035156,13.85345458984375,0.15143585205078125,66.8800048828125,0,34239672320,34583793664,9640202240,0
190,1742748652068,8515.859664916992,4650,0,1.20625,7711.529251098633,3701,3701,3701,3701,3701,3701,3701,3701,3701,3701,3701,3701,41.13945388793945,17.005645751953125,10.52593994140625,29.63007354736328,52.82749557495117,43.22996520996094,56.068145751953125,35.86890411376953,23.128028869628906,9.422859191894531,69.65208435058594,6.782798767089844,34239672320,34583793664,9646948352,0
200,1742748652259,5910.66455078125,3720.0000000000005,0,1.1875,7720.490127563477,3701,3701,3701,3701,3701,3701,3701,3701,3701,3701,3701,3701,6.840904235839844,1.838134765625,3.5351333618164063,4.549430847167969,74.9023666381836,1.8780364990234375,17.92357635498047,9.6805419921875,0.355316162109375,0.5030136108398438,9.559791564941406,1.228057861328125,34239672320,34583793664,9656971264,0
199,1742748652460,8517.108917236328,3720.0000000000005,0,1.2,7729.865524291992,3701,3701,3701,3701,3701,3701,3701,3701,3701,3701,3701,3701,10.564544677734375,14.453414916992188,0.25848388671875,1.9218673706054688,77.76946258544922,0.8829193115234375,17.730133056640625,8.711051940917969,2.2629776000976563,0.7924652099609375,10.483573913574219,2.2323532104492188,34239672320,34583793664,9678508032,0
4,1742748652660,8517.485107421875,4650,0,1.225,7737.855895996094,3701,3701,3701,3701,3701,3701,3701,3701,3701,3701,3701,3701,5.66522216796875,2.2457351684570313,0.5889129638671875,1.748199462890625,43.56980895996094,1.5474395751953125,16.308013916015625,2.116119384765625,0.25008392333984375,0.24913787841796875,0.4553680419921875,0.648529052734375,34239672320,34583793664,9641656320,0
