Delta,Time,CORE0_ENERGY (J),CORE0_FREQ (MHZ),CORE0_PSTATE,CORE0_VOLT (V),CPU_ENERGY (J),CPU_FREQUENCY_0,CPU_FREQUENCY_1,CPU_FREQUENCY_10,CPU_FREQUENCY_11,CPU_FREQUENCY_2,CPU_FREQUENCY_3,CPU_FREQUENCY_4,CPU_FREQUENCY_5,CPU_FREQUENCY_6,CPU_FREQUENCY_7,CPU_FREQUENCY_8,CPU_FREQUENCY_9,CPU_USAGE_0,CPU_USAGE_1,CPU_USAGE_10,CPU_USAGE_11,CPU_USAGE_2,CPU_USAGE_3,CPU_USAGE_4,CPU_USAGE_5,CPU_USAGE_6,CPU_USAGE_7,CPU_USAGE_8,CPU_USAGE_9,TOTAL_MEMORY,TOTAL_SWAP,USED_MEMORY,USED_SWAP
0,1742749695982,7148.021377563477,3720.0000000000005,0,1.19375,40793.033203125,3701,3701,3701,3701,3701,3701,3701,3701,3701,3701,3701,3701,75.23916625976563,0,14.787612915039063,0.20444488525390625,46.29948425292969,2.3133087158203125,15.713157653808594,46.30615234375,1.9866409301757813,1.5766525268554688,4.209953308105469,18.510902404785156,34239672320,34583793664,9358340096,0
190,1742749695991,9624.497543334961,3720.0000000000005,0,1.19375,40793.79055786133,3701,3701,3701,3701,3701,3701,3701,3701,3701,3701,3701,3701,52.412357330322266,18.440757751464844,30.42681121826172,13.943626403808594,62.66841506958008,20.478050231933594,38.54193115234375,27.363258361816406,19.89752197265625,8.355018615722656,23.806869506835938,9.002227783203125,34239672320,34583793664,9359351808,0
200,1742749696182,9625.253311157227,4650,0,1.19375,40802.496673583984,3701,3701,3701,3701,3701,3701,3701,3701,3701,3701,3701,3701,9.715866088867188,1.03790283203125,1.390594482421875,0,70.8585205078125,0.43805694580078125,22.551284790039063,18.83173370361328,3.59600830078125,3.080169677734375,0.5289688110351563,0.1598968505859375,34239672320,34583793664,9379659776,0
199,1742749696382,9625.826080322266,3720.0000000000005,0,1.19375,40811.52307128906,3701,3701,3701,3701,3701,3701,3701,3701,3701,3701,3701,3701,15.237014770507813,2.21649169921875,2.0198440551757813,0.44754791259765625,74.12203979492188,2.19207763671875,13.375885009765625,7.66912841796875,1.0687179565429688,0.6111297607421875,1.6614990234375,2.2485122680664063,34239672320,34583793664,9375395840,0
3,1742749696582,51964.893142700195,4650,0,1.2,40819.656661987305,3701,3701,3701,3701,3701,3701,3701,3701,3701,3701,3701,3701,2.5697708129882813,3.0540390014648438,1.5472869873046875,0.010498046875,54.66838073730469,1.9245681762695313,12.803993225097656,1.282623291015625,0.30881500244140625,0,2.3701553344726563,0.12879180908203125,34239672320,34583793664,9358295040,0
