Delta,Time,CORE0_ENERGY (J),CORE0_FREQ (MHZ),CORE0_PSTATE,CORE0_VOLT (V),CPU_ENERGY (J),CPU_FREQUENCY_0,CPU_FREQUENCY_1,CPU_FREQUENCY_10,CPU_FREQUENCY_11,CPU_FREQUENCY_2,CPU_FREQUENCY_3,CPU_FREQUENCY_4,CPU_FREQUENCY_5,CPU_FREQUENCY_6,CPU_FREQUENCY_7,CPU_FREQUENCY_8,CPU_FREQUENCY_9,CPU_USAGE_0,CPU_USAGE_1,CPU_USAGE_10,CPU_USAGE_11,CPU_USAGE_2,CPU_USAGE_3,CPU_USAGE_4,CPU_USAGE_5,CPU_USAGE_6,CPU_USAGE_7,CPU_USAGE_8,CPU_USAGE_9,TOTAL_MEMORY,TOTAL_SWAP,USED_MEMORY,USED_SWAP
0,1742748971420,64801.03178405762,4650,0,1.19375,17908.072875976563,3701,3701,3701,3701,3701,3701,3701,3701,3701,3701,3701,3701,16.09571075439453,69.76841735839844,24.46204376220703,4.265655517578125,47.162227630615234,10.800132751464844,25.377967834472656,33.963279724121094,10.157188415527344,5.57855224609375,42.85157012939453,5.404563903808594,34239672320,34583793664,9451298816,0
199,1742748971420,6285.602844238281,4650,0,1.19375,17908.36799621582,3701,3701,3701,3701,3701,3701,3701,3701,3701,3701,3701,3701,93.45904541015625,0,63.77379608154297,0,45.734683990478516,11.710128784179688,60.96024703979492,11.026237487792969,40.88345718383789,2.2316436767578125,10.464324951171875,1.1818084716796875,34239672320,34583793664,9451876352,0
199,1742748971620,8856.83039855957,4650,0,1.2,17917.487518310547,3701,3701,3701,3701,3701,3701,3701,3701,3701,3701,3701,3701,6.791786193847656,1.581390380859375,3.4557113647460938,0.5456466674804688,85.35746765136719,2.1886138916015625,8.317573547363281,8.251686096191406,0.2971954345703125,0.5486068725585938,8.058837890625,3.4684982299804688,34239672320,34583793664,9466347520,0
200,1742748971820,8857.246124267578,4650,0,1.18125,17926.357879638672,3701,3701,3701,3701,3701,3701,3701,3701,3701,3701,3701,3701,13.244949340820313,1.1724472045898438,2.0746383666992188,0.1157989501953125,84.95860290527344,1.2355117797851563,6.1615447998046875,6.0842437744140625,0.13472747802734375,0.14476776123046875,1.0462570190429688,0.32568359375,34239672320,34583793664,9477521408,0
3,1742748972021,6289.592010498047,4650,0,1.18125,17934.075881958008,3701,3701,3701,3701,3701,3701,3701,3701,3701,3701,3701,3701,3.5663528442382813,0.6987762451171875,2.1077423095703125,0.22280120849609375,47.156639099121094,2.3732986450195313,14.978668212890625,1.5955047607421875,0.406585693359375,0.31329345703125,0.41326904296875,0.5884246826171875,34239672320,34583793664,9452879872,0
