Delta,Time,CORE0_ENERGY (J),CORE0_FREQ (MHZ),CORE0_PSTATE,CORE0_VOLT (V),CPU_ENERGY (J),CPU_FREQUENCY_0,CPU_FREQUENCY_1,CPU_FREQUENCY_10,CPU_FREQUENCY_11,CPU_FREQUENCY_2,CPU_FREQUENCY_3,CPU_FREQUENCY_4,CPU_FREQUENCY_5,CPU_FREQUENCY_6,CPU_FREQUENCY_7,CPU_FREQUENCY_8,CPU_FREQUENCY_9,CPU_USAGE_0,CPU_USAGE_1,CPU_USAGE_10,CPU_USAGE_11,CPU_USAGE_2,CPU_USAGE_3,CPU_USAGE_4,CPU_USAGE_5,CPU_USAGE_6,CPU_USAGE_7,CPU_USAGE_8,CPU_USAGE_9,TOTAL_MEMORY,TOTAL_SWAP,USED_MEMORY,USED_SWAP
0,1742749120638,64878.48597717285,4650,0,1.20625,22615.241134643555,3701,3701,3701,3701,3701,3701,3701,3701,3701,3701,3701,3701,36.07138442993164,0.12060546875,6.9611053466796875,1.1484451293945313,18.525062561035156,3.8535842895507813,9.580863952636719,25.453079223632813,0,9.250526428222656,3.6433181762695313,1.4697113037109375,34239672320,34583793664,9410871296,0
199,1742749120638,6466.282821655273,3720.0000000000005,0,1.20625,22615.517700195313,3701,3701,3701,3701,3701,3701,3701,3701,3701,3701,3701,3701,99.37163543701172,0,0,5.2410430908203125,0,52.85265350341797,39.8851318359375,45.62846374511719,38.016048431396484,0,22.769203186035156,0,34239672320,34583793664,9410539520,0
200,1742749120838,6467.582183837891,4650,0,1.2,22624.531967163086,3701,3701,3701,3701,3701,3701,3701,3701,3701,3701,3701,3701,7.565711975097656,2.8495864868164063,0.3397369384765625,3.02313232421875,69.72334289550781,2.4371337890625,22.37744903564453,8.634330749511719,1.181121826171875,0.42162322998046875,4.0570526123046875,0.6405410766601563,34239672320,34583793664,9423142912,0
200,1742749121038,6468.630477905273,3720.0000000000005,0,1.20625,22633.383010864258,3701,3701,3701,3701,3701,3701,3701,3701,3701,3701,3701,3701,17.344757080078125,1.7323074340820313,0.5567092895507813,1.8518905639648438,52.744163513183594,2.6573562622070313,38.32490921020508,5.605323791503906,2.7403106689453125,0.6374740600585938,3.87554931640625,0.7290267944335938,34239672320,34583793664,9433706496,0
3,1742749121239,6469.042999267578,4650,0,1.175,22641.525192260742,3701,3701,3701,3701,3701,3701,3701,3701,3701,3701,3701,3701,6.9396820068359375,0.6868133544921875,2.8469924926757813,1.896026611328125,15.571678161621094,4.8270111083984375,56.853511810302734,0.873443603515625,0,0,0.25377655029296875,2.8718032836914063,34239672320,34583793664,9411923968,0
