Delta,Time,CORE0_ENERGY (J),CORE0_FREQ (MHZ),CORE0_PSTATE,CORE0_VOLT (V),CPU_ENERGY (J),CPU_FREQUENCY_0,CPU_FREQUENCY_1,CPU_FREQUENCY_10,CPU_FREQUENCY_11,CPU_FREQUENCY_2,CPU_FREQUENCY_3,CPU_FREQUENCY_4,CPU_FREQUENCY_5,CPU_FREQUENCY_6,CPU_FREQUENCY_7,CPU_FREQUENCY_8,CPU_FREQUENCY_9,CPU_USAGE_0,CPU_USAGE_1,CPU_USAGE_10,CPU_USAGE_11,CPU_USAGE_2,CPU_USAGE_3,CPU_USAGE_4,CPU_USAGE_5,CPU_USAGE_6,CPU_USAGE_7,CPU_USAGE_8,CPU_USAGE_9,TOTAL_MEMORY,TOTAL_SWAP,USED_MEMORY,USED_SWAP
0,1742749077994,8964.829223632813,4650,0,1.2,21275.7735748291,3701,3701,3701,3701,3701,3701,3701,3701,3701,3701,3701,3701,86.16871643066406,0,0,0,26.017066955566406,10.049118041992188,31.611801147460938,21.255592346191406,18.356689453125,6.5860443115234375,23.64232635498047,0,34239672320,34583793664,9403981824,0
191,1742749078003,6415.490737915039,4650,0,1.20625,21276.496124267578,3701,3701,3701,3701,3701,3701,3701,3701,3701,3701,3701,3701,73.51644897460938,0,54.174591064453125,0,47.28956604003906,11.536720275878906,22.529396057128906,14.569923400878906,0,0.0682220458984375,9.382698059082031,0,34239672320,34583793664,9403936768,0
200,1742749078195,8965.562515258789,4650,0,1.175,21284.88069152832,3701,3701,3701,3701,3701,3701,3701,3701,3701,3701,3701,3701,6.447868347167969,1.2883529663085938,0.20885467529296875,1.6567230224609375,71.92529296875,1.0991744995117188,23.255722045898438,7.340431213378906,0.3742523193359375,0.21457672119140625,1.3388900756835938,0.776031494140625,34239672320,34583793664,9424056320,0
200,1742749078395,64857.536560058594,3720.0000000000005,0,1.19375,21293.62400817871,3701,3701,3701,3701,3701,3701,3701,3701,3701,3701,3701,3701,12.669464111328125,0.49662017822265625,0.48639678955078125,1.561309814453125,85.6611099243164,3.3348846435546875,5.4732513427734375,6.76727294921875,1.6059188842773438,0.1237945556640625,1.0152740478515625,0.2505645751953125,34239672320,34583793664,9426460672,0
4,1742749078595,64857.96043395996,4650,0,1.2,21301.62696838379,3701,3701,3701,3701,3701,3701,3701,3701,3701,3701,3701,3701,14.855674743652344,3.122955322265625,0.04540252685546875,1.5567855834960938,11.080795288085938,1.7953033447265625,40.725101470947266,10.441230773925781,0.552581787109375,0.477142333984375,8.494850158691406,0.33409881591796875,34239672320,34583793664,9410166784,0
