Delta,Time,CORE0_ENERGY (J),CORE0_FREQ (MHZ),CORE0_PSTATE,CORE0_VOLT (V),CPU_ENERGY (J),CPU_FREQUENCY_0,CPU_FREQUENCY_1,CPU_FREQUENCY_10,CPU_FREQUENCY_11,CPU_FREQUENCY_2,CPU_FREQUENCY_3,CPU_FREQUENCY_4,CPU_FREQUENCY_5,CPU_FREQUENCY_6,CPU_FREQUENCY_7,CPU_FREQUENCY_8,CPU_FREQUENCY_9,CPU_USAGE_0,CPU_USAGE_1,CPU_USAGE_10,CPU_USAGE_11,CPU_USAGE_2,CPU_USAGE_3,CPU_USAGE_4,CPU_USAGE_5,CPU_USAGE_6,CPU_USAGE_7,CPU_USAGE_8,CPU_USAGE_9,TOTAL_MEMORY,TOTAL_SWAP,USED_MEMORY,USED_SWAP
0,1742748737245,8607.097061157227,4650,0,1.19375,10430.862808227539,3701,3701,3701,3701,3701,3701,3701,3701,3701,3701,3701,3701,62.83390426635742,0,0,0,51.16596221923828,4.8967132568359375,18.725257873535156,0,0,0,22.20318603515625,0,34239672320,34583793664,9442283520,0
191,1742748737254,6007.342559814453,3720.0000000000005,0,1.2,10431.613906860352,3701,3701,3701,3701,3701,3701,3701,3701,3701,3701,3701,3701,44.94251251220703,10.270713806152344,12.465972900390625,11.372406005859375,53.36940002441406,12.957572937011719,57.32249069213867,30.27112579345703,18.91022491455078,8.927963256835938,48.89695358276367,14.868431091308594,34239672320,34583793664,9442566144,0
200,1742748737446,6008.554870605469,3720.0000000000005,0,1.2,10440.069198608398,3701,3701,3701,3701,3701,3701,3701,3701,3701,3701,3701,3701,6.356971740722656,1.0298843383789063,1.6759719848632813,0,68.03012084960938,1.3067550659179688,27.88507843017578,5.92266845703125,0.668243408203125,2.8218231201171875,0.5563278198242188,0.22052001953125,34239672320,34583793664,9464569856,0
200,1742748737646,6009.759170532227,4650,0,1.23125,10449.573059082031,3701,3701,3701,3701,3701,3701,3701,3701,3701,3701,3701,3701,16.567886352539063,9.24969482421875,1.41143798828125,5.579620361328125,52.22187042236328,23.08769989013672,31.52069854736328,23.12244415283203,0.5795211791992188,0.2816009521484375,5.5820159912109375,1.9423446655273438,34239672320,34583793664,9482252288,0
3,1742748737846,6010.145370483398,4650,0,1.16875,10457.74674987793,3701,3701,3701,3701,3701,3701,3701,3701,3701,3701,3701,3701,8.382080078125,7.9318084716796875,2.0213623046875,0.6263351440429688,4.3470001220703125,19.234336853027344,48.86061477661133,6.9842071533203125,0.6815948486328125,0.75274658203125,3.468597412109375,4.432884216308594,34239672320,34583793664,9447804928,0
