Delta,Time,CORE0_ENERGY (J),CORE0_FREQ (MHZ),CORE0_PSTATE,CORE0_VOLT (V),CPU_ENERGY (J),CPU_FREQUENCY_0,CPU_FREQUENCY_1,CPU_FREQUENCY_10,CPU_FREQUENCY_11,CPU_FREQUENCY_2,CPU_FREQUENCY_3,CPU_FREQUENCY_4,CPU_FREQUENCY_5,CPU_FREQUENCY_6,CPU_FREQUENCY_7,CPU_FREQUENCY_8,CPU_FREQUENCY_9,CPU_USAGE_0,CPU_USAGE_1,CPU_USAGE_10,CPU_USAGE_11,CPU_USAGE_2,CPU_USAGE_3,CPU_USAGE_4,CPU_USAGE_5,CPU_USAGE_6,CPU_USAGE_7,CPU_USAGE_8,CPU_USAGE_9,TOTAL_MEMORY,TOTAL_SWAP,USED_MEMORY,USED_SWAP
0,1742749269605,6647.089141845703,3720.0000000000005,0,1.19375,27364.303253173828,3701,3701,3701,3701,3701,3701,3701,3701,3701,3701,3701,3701,69.60520935058594,0,6.72607421875,0.127471923828125,19.409622192382813,3.5230026245117188,18.361099243164063,44.804229736328125,2.6081924438476563,0,6.851043701171875,3.0618515014648438,34239672320,34583793664,9374191616,0
190,1742749269615,6647.141860961914,4650,0,1.2,27365.00701904297,3701,3701,3701,3701,3701,3701,3701,3701,3701,3701,3701,3701,44.787681579589844,12.903083801269531,31.848159790039063,8.291610717773438,40.824058532714844,26.57135009765625,57.419673919677734,35.70465850830078,17.79803466796875,23.054443359375,24.365447998046875,11.506088256835938,34239672320,34583793664,9374060544,0
200,1742749269806,6648.51692199707,4650,0,1.2,27373.284423828125,3701,3701,3701,3701,3701,3701,3701,3701,3701,3701,3701,3701,4.713775634765625,3.3449325561523438,0,1.2105712890625,81.27023315429688,1.0885391235351563,10.519065856933594,9.193778991699219,0,0,0.8618240356445313,0.19173431396484375,34239672320,34583793664,9396817920,0
200,1742749270006,64963.30973815918,4650,0,1.2,27382.425720214844,3701,3701,3701,3701,3701,3701,3701,3701,3701,3701,3701,3701,9.713348388671875,3.55804443359375,3.4722518920898438,4.8011474609375,94.32455444335938,1.8841094970703125,4.22247314453125,22.348052978515625,0.8574981689453125,0.6107406616210938,3.93609619140625,1.41455078125,34239672320,34583793664,9416986624,0
3,1742749270206,6650.922439575195,3720.0000000000005,0,1.18125,27390.846450805664,3701,3701,3701,3701,3701,3701,3701,3701,3701,3701,3701,3701,8.027969360351563,8.317604064941406,0.3313446044921875,1.50067138671875,24.920791625976563,12.501220703125,35.016357421875,14.019058227539063,0,2.2280960083007813,2.0839080810546875,0.5308914184570313,34239672320,34583793664,9383444480,0
