Delta,Time,CORE0_ENERGY (J),CORE0_FREQ (MHZ),CORE0_PSTATE,CORE0_VOLT (V),CPU_ENERGY (J),CPU_FREQUENCY_0,CPU_FREQUENCY_1,CPU_FREQUENCY_10,CPU_FREQUENCY_11,CPU_FREQUENCY_2,CPU_FREQUENCY_3,CPU_FREQUENCY_4,CPU_FREQUENCY_5,CPU_FREQUENCY_6,CPU_FREQUENCY_7,CPU_FREQUENCY_8,CPU_FREQUENCY_9,CPU_USAGE_0,CPU_USAGE_1,CPU_USAGE_10,CPU_USAGE_11,CPU_USAGE_2,CPU_USAGE_3,CPU_USAGE_4,CPU_USAGE_5,CPU_USAGE_6,CPU_USAGE_7,CPU_USAGE_8,CPU_USAGE_9,TOTAL_MEMORY,TOTAL_SWAP,USED_MEMORY,USED_SWAP
0,1742749759968,65225.386962890625,4650,0,1.20625,42783.70504760742,3701,3701,3701,3701,3701,3701,3701,3701,3701,3701,3701,3701,76.43888854980469,6.021514892578125,46.8692512512207,19.525436401367188,32.38841247558594,18.05455780029297,19.590431213378906,45.400367736816406,11.543075561523438,0.6869430541992188,11.858055114746094,5.008598327636719,34239672320,34583793664,9345032192,0
190,1742749759978,7219.035049438477,4650,0,1.2,42784.471740722656,3701,3701,3701,3701,3701,3701,3701,3701,3701,3701,3701,3701,33.99665832519531,7.4860382080078125,5.1038055419921875,12.606468200683594,58.300392150878906,29.157379150390625,33.04210662841797,6.938850402832031,9.736007690429688,2.55908203125,54.532814025878906,4.533943176269531,34239672320,34583793664,9353830400,0
199,1742749760169,7220.499618530273,4650,0,1.20625,42792.78804016113,3701,3701,3701,3701,3701,3701,3701,3701,3701,3701,3701,3701,6.1680145263671875,1.8573837280273438,0.03012847900390625,1.29022216796875,87.92206573486328,1.5755615234375,3.4785537719726563,8.430412292480469,2.4492111206054688,0.00865936279296875,2.0376358032226563,0.2451324462890625,34239672320,34583793664,9362321408,0
200,1742749760369,9692.470657348633,4650,0,1.18125,42801.58070373535,3701,3701,3701,3701,3701,3701,3701,3701,3701,3701,3701,3701,6.480491638183594,1.7662506103515625,0.727386474609375,4.91302490234375,89.7801284790039,2.6164703369140625,8.603919982910156,7.808876037597656,4.164215087890625,0.3612213134765625,4.037788391113281,1.0622406005859375,34239672320,34583793664,9379848192,0
3,1742749760569,9692.969497680664,4650,0,1.19375,42809.81153869629,3701,3701,3701,3701,3701,3701,3701,3701,3701,3701,3701,3701,15.078804016113281,1.0714645385742188,0.2348785400390625,1.2685012817382813,52.390953063964844,3.910888671875,7.8895416259765625,19.938949584960938,0.07769012451171875,0.6556015014648438,0.5452880859375,0.5607528686523438,34239672320,34583793664,9360719872,0
