Delta,Time,CORE0_ENERGY (J),CORE0_FREQ (MHZ),CORE0_PSTATE,CORE0_VOLT (V),CPU_ENERGY (J),CPU_FREQUENCY_0,CPU_FREQUENCY_1,CPU_FREQUENCY_10,CPU_FREQUENCY_11,CPU_FREQUENCY_2,CPU_FREQUENCY_3,CPU_FREQUENCY_4,CPU_FREQUENCY_5,CPU_FREQUENCY_6,CPU_FREQUENCY_7,CPU_FREQUENCY_8,CPU_FREQUENCY_9,CPU_USAGE_0,CPU_USAGE_1,CPU_USAGE_10,CPU_USAGE_11,CPU_USAGE_2,CPU_USAGE_3,CPU_USAGE_4,CPU_USAGE_5,CPU_USAGE_6,CPU_USAGE_7,CPU_USAGE_8,CPU_USAGE_9,TOTAL_MEMORY,TOTAL_SWAP,USED_MEMORY,USED_SWAP
0,1742749227010,64936.64645385742,4650,0,1.19375,26001.069793701172,3701,3701,3701,3701,3701,3701,3701,3701,3701,3701,3701,3701,71.61250305175781,0,10.642539978027344,2.179473876953125,28.809654235839844,2.9107742309570313,17.271827697753906,49.264827728271484,5.588859558105469,0,6.495216369628906,0,34239672320,34583793664,9520709632,0
190,1742749227020,9120.664535522461,4650,0,1.19375,26001.754135131836,3701,3701,3701,3701,3701,3701,3701,3701,3701,3701,3701,3701,44.61962127685547,1.6912841796875,1.2406005859375,25.12781524658203,57.42219924926758,12.436698913574219,60.24828338623047,27.83354949951172,8.210899353027344,1.4118270874023438,12.998847961425781,14.876708984375,34239672320,34583793664,9519960064,0
200,1742749227211,6593.799942016602,4650,0,1.18125,26010.21160888672,3701,3701,3701,3701,3701,3701,3701,3701,3701,3701,3701,3701,5.615592956542969,1.2593536376953125,0.26976776123046875,1.5014114379882813,73.10479736328125,3.6431503295898438,25.32128143310547,6.1751861572265625,0.5432891845703125,3.1448135375976563,0.9465560913085938,0.29758453369140625,34239672320,34583793664,9537171456,0
200,1742749227411,9121.884689331055,4650,0,1.1875,26019.029693603516,3701,3701,3701,3701,3701,3701,3701,3701,3701,3701,3701,3701,11.937614440917969,0.7606582641601563,0.17510986328125,1.61431884765625,76.61792755126953,2.4642257690429688,16.13727569580078,5.527793884277344,1.205322265625,0.102386474609375,0.315948486328125,0.3035125732421875,34239672320,34583793664,9544990720,0
3,1742749227611,9122.22299194336,4650,0,1.18125,26026.623641967773,3701,3701,3701,3701,3701,3701,3701,3701,3701,3701,3701,3701,7.4732208251953125,0.9561080932617188,0.26616668701171875,1.7742385864257813,43.089080810546875,2.4768218994140625,14.048736572265625,1.2879638671875,0.32586669921875,0.20542144775390625,0.8263702392578125,0.4251251220703125,34239672320,34583793664,9521504256,0
