Delta,Time,CORE0_ENERGY (J),CORE0_FREQ (MHZ),CORE0_PSTATE,CORE0_VOLT (V),CPU_ENERGY (J),CPU_FREQUENCY_0,CPU_FREQUENCY_1,CPU_FREQUENCY_10,CPU_FREQUENCY_11,CPU_FREQUENCY_2,CPU_FREQUENCY_3,CPU_FREQUENCY_4,CPU_FREQUENCY_5,CPU_FREQUENCY_6,CPU_FREQUENCY_7,CPU_FREQUENCY_8,CPU_FREQUENCY_9,CPU_USAGE_0,CPU_USAGE_1,CPU_USAGE_10,CPU_USAGE_11,CPU_USAGE_2,CPU_USAGE_3,CPU_USAGE_4,CPU_USAGE_5,CPU_USAGE_6,CPU_USAGE_7,CPU_USAGE_8,CPU_USAGE_9,TOTAL_MEMORY,TOTAL_SWAP,USED_MEMORY,USED_SWAP
0,1742748843860,64725.36602783203,4650,0,1.20625,13817.648681640625,3701,3701,3701,3701,3701,3701,3701,3701,3701,3701,3701,3701,73.31375885009766,3.3288192749023438,11.173927307128906,7.550422668457031,50.314327239990234,9.781280517578125,12.132194519042969,61.349647521972656,36.96847915649414,3.6595230102539063,10.79193115234375,4.487907409667969,34239672320,34583793664,9514180608,0
191,1742748843869,8718.49365234375,4650,0,1.2,13818.31167602539,3701,3701,3701,3701,3701,3701,3701,3701,3701,3701,3701,3701,20.929908752441406,27.012039184570313,31.19329833984375,0,63.461631774902344,9.308876037597656,34.50230407714844,32.87590026855469,4.202430725097656,0.3787078857421875,27.303604125976563,1.4855117797851563,34239672320,34583793664,9514049536,0
199,1742748844060,8718.91926574707,4650,0,1.2,13826.653442382813,3701,3701,3701,3701,3701,3701,3701,3701,3701,3701,3701,3701,3.293243408203125,1.6637191772460938,1.5262374877929688,0.12717437744140625,89.15876007080078,2.3350143432617188,2.7474136352539063,9.78399658203125,2.0945053100585938,0.28533172607421875,2.6279449462890625,0.5764923095703125,34239672320,34583793664,9526804480,0
200,1742748844260,8719.432052612305,3720.0000000000005,0,1.18125,13835.913177490234,3701,3701,3701,3701,3701,3701,3701,3701,3701,3701,3701,3701,13.807838439941406,0.93756103515625,2.5296554565429688,3.5327529907226563,80.78305053710938,2.3828277587890625,11.821319580078125,7.303558349609375,0.55938720703125,0.5198822021484375,3.2528610229492188,3.9024810791015625,34239672320,34583793664,9539158016,0
3,1742748844460,6134.796493530273,4650,0,1.18125,13843.841064453125,3701,3701,3701,3701,3701,3701,3701,3701,3701,3701,3701,3701,6.568244934082031,2.0041427612304688,1.4993896484375,0.14945220947265625,46.70076370239258,1.1594085693359375,16.84014129638672,2.2406692504882813,4.936676025390625,0.04373931884765625,0.1546783447265625,0.40300750732421875,34239672320,34583793664,9513029632,0
