Delta,Time,CORE0_ENERGY (J),CORE0_FREQ (MHZ),CORE0_PSTATE,CORE0_VOLT (V),CPU_ENERGY (J),CPU_FREQUENCY_0,CPU_FREQUENCY_1,CPU_FREQUENCY_10,CPU_FREQUENCY_11,CPU_FREQUENCY_2,CPU_FREQUENCY_3,CPU_FREQUENCY_4,CPU_FREQUENCY_5,CPU_FREQUENCY_6,CPU_FREQUENCY_7,CPU_FREQUENCY_8,CPU_FREQUENCY_9,CPU_USAGE_0,CPU_USAGE_1,CPU_USAGE_10,CPU_USAGE_11,CPU_USAGE_2,CPU_USAGE_3,CPU_USAGE_4,CPU_USAGE_5,CPU_USAGE_6,CPU_USAGE_7,CPU_USAGE_8,CPU_USAGE_9,TOTAL_MEMORY,TOTAL_SWAP,USED_MEMORY,USED_SWAP
0,1742749610735,7045.912246704102,4650,0,1.19375,38128.54641723633,3701,3701,3701,3701,3701,3701,3701,3701,3701,3701,3701,3701,66.2058334350586,2.6073226928710938,5.592201232910156,1.8266830444335938,83.07238006591797,2.6184310913085938,25.692359924316406,19.573814392089844,13.073265075683594,17.432876586914063,13.872787475585938,2.5051651000976563,34239672320,34583793664,9383940096,0
191,1742749610745,9537.53988647461,4650,0,1.2,38129.186279296875,3701,3701,3701,3701,3701,3701,3701,3701,3701,3701,3701,3701,30.64569091796875,0,0.25762176513671875,0.14905548095703125,72.58189392089844,3.4567718505859375,50.1611213684082,17.644882202148438,24.972000122070313,0,11.285346984863281,0,34239672320,34583793664,9392959488,0
199,1742749610936,9538.169708251953,4650,0,1.2,38137.79454040527,3701,3701,3701,3701,3701,3701,3701,3701,3701,3701,3701,3701,5.279571533203125,2.0365371704101563,1.5935821533203125,0.1527252197265625,85.21220397949219,1.786529541015625,6.366172790527344,26.655174255371094,0.9383468627929688,3.2741546630859375,4.09381103515625,1.9541702270507813,34239672320,34583793664,9414701056,0
200,1742749611136,9538.570755004883,3720.0000000000005,0,1.18125,38146.28096008301,3701,3701,3701,3701,3701,3701,3701,3701,3701,3701,3701,3701,13.443740844726563,1.0723876953125,2.3283004760742188,0.12670135498046875,86.5035171508789,1.2017822265625,1.7090377807617188,8.617286682128906,0.34809112548828125,0.171600341796875,0.2137451171875,0.487823486328125,34239672320,34583793664,9416609792,0
3,1742749611336,9538.917709350586,4650,0,1.19375,38153.89878845215,3701,3701,3701,3701,3701,3701,3701,3701,3701,3701,3701,3701,6.276878356933594,0.12052154541015625,1.358673095703125,0,41.64778137207031,1.0688018798828125,15.120697021484375,0.822235107421875,0,2.48309326171875,0.24149322509765625,0,34239672320,34583793664,9399312384,0
