Delta,Time,CORE0_ENERGY (J),CORE0_FREQ (MHZ),CORE0_PSTATE,CORE0_VOLT (V),CPU_ENERGY (J),CPU_FREQUENCY_0,CPU_FREQUENCY_1,CPU_FREQUENCY_10,CPU_FREQUENCY_11,CPU_FREQUENCY_2,CPU_FREQUENCY_3,CPU_FREQUENCY_4,CPU_FREQUENCY_5,CPU_FREQUENCY_6,CPU_FREQUENCY_7,CPU_FREQUENCY_8,CPU_FREQUENCY_9,CPU_USAGE_0,CPU_USAGE_1,CPU_USAGE_10,CPU_USAGE_11,CPU_USAGE_2,CPU_USAGE_3,CPU_USAGE_4,CPU_USAGE_5,CPU_USAGE_6,CPU_USAGE_7,CPU_USAGE_8,CPU_USAGE_9,TOTAL_MEMORY,TOTAL_SWAP,USED_MEMORY,USED_SWAP
0,1742749056791,6388.461639404297,4650,0,1.19375,20605.505340576172,3701,3701,3701,3701,3701,3701,3701,3701,3701,3701,3701,3701,74.99725341796875,1.0885543823242188,8.241622924804688,5.460762023925781,35.151588439941406,13.064643859863281,21.491188049316406,50.743194580078125,7.387969970703125,17.111984252929688,56.70275115966797,0.74969482421875,34239672320,34583793664,9378181120,0
191,1742749056800,8943.034973144531,4650,0,1.2,20606.148712158203,3701,3701,3701,3701,3701,3701,3701,3701,3701,3701,3701,3701,31.904090881347656,14.24468994140625,19.61882781982422,0,40.59986114501953,11.600212097167969,51.237483978271484,20.05884552001953,0,26.955909729003906,9.3597412109375,0.3741455078125,34239672320,34583793664,9387724800,0
200,1742749056992,8943.540176391602,4650,0,1.20625,20614.820236206055,3701,3701,3701,3701,3701,3701,3701,3701,3701,3701,3701,3701,7.8200836181640625,0.8680343627929688,2.0753402709960938,3.0591964721679688,84.29975891113281,1.8644790649414063,5.14520263671875,13.474479675292969,0.46077728271484375,0.14479827880859375,3.8865585327148438,3.4100189208984375,34239672320,34583793664,9400578048,0
200,1742749057192,8943.953338623047,3720.0000000000005,0,1.20625,20623.52264404297,3701,3701,3701,3701,3701,3701,3701,3701,3701,3701,3701,3701,12.472152709960938,0.31513214111328125,3.5963363647460938,0,85.59717559814453,0.31018829345703125,2.8140182495117188,7.8074493408203125,0.67169189453125,0.02777862548828125,0.42705535888671875,0.2007598876953125,34239672320,34583793664,9419722752,0
3,1742749057392,6392.4754638671875,4650,0,1.2,20631.39291381836,3701,3701,3701,3701,3701,3701,3701,3701,3701,3701,3701,3701,3.040496826171875,1.808441162109375,1.8442916870117188,0.3087615966796875,52.740360260009766,1.6905364990234375,15.767753601074219,8.679908752441406,0.682830810546875,0.5816268920898438,1.063934326171875,0.447113037109375,34239672320,34583793664,9390153728,0
