Delta,Time,CORE0_ENERGY (J),CORE0_FREQ (MHZ),CORE0_PSTATE,CORE0_VOLT (V),CPU_ENERGY (J),CPU_FREQUENCY_0,CPU_FREQUENCY_1,CPU_FREQUENCY_10,CPU_FREQUENCY_11,CPU_FREQUENCY_2,CPU_FREQUENCY_3,CPU_FREQUENCY_4,CPU_FREQUENCY_5,CPU_FREQUENCY_6,CPU_FREQUENCY_7,CPU_FREQUENCY_8,CPU_FREQUENCY_9,CPU_USAGE_0,CPU_USAGE_1,CPU_USAGE_10,CPU_USAGE_11,CPU_USAGE_2,CPU_USAGE_3,CPU_USAGE_4,CPU_USAGE_5,CPU_USAGE_6,CPU_USAGE_7,CPU_USAGE_8,CPU_USAGE_9,TOTAL_MEMORY,TOTAL_SWAP,USED_MEMORY,USED_SWAP
0,1743009716892,55627.980041503906,4650,0,1.2125,14439.344024658203,3701,3701,3701,3701,3701,3701,3701,3701,3701,3701,3701,3701,38.674373626708984,17.687423706054688,4.840202331542969,4.753852844238281,84.6504135131836,18.24371337890625,27.900489807128906,13.325332641601563,22.633071899414063,0,23.02392578125,0.15906524658203125,34239672320,34583793664,13367869440,0
190,1743009716902,53738.208419799805,4650,0,1.21875,14440.089553833008,3701,3701,3701,3701,3701,3701,3701,3701,3701,3701,3701,3701,31.787841796875,4.325874328613281,6.525291442871094,2.8487625122070313,34.077545166015625,41.464542388916016,29.053924560546875,13.382110595703125,59.5495719909668,6.564292907714844,15.647254943847656,9.700531005859375,34239672320,34583793664,13369430016,0
200,1743009717093,55628.73684692383,4650,0,1.20625,14449.148376464844,3701,3701,3701,3701,3701,3701,3701,3701,3701,3701,3701,3701,7.8954010009765625,3.1269149780273438,1.6640090942382813,0.38607025146484375,64.71331787109375,7.1422576904296875,24.944297790527344,6.154579162597656,1.6559906005859375,0.6564407348632813,2.0486297607421875,4.20379638671875,34239672320,34583793664,13384908800,0
199,1743009717293,53740.60089111328,3720.0000000000005,0,1.21875,14459.042663574219,3701,3701,3701,3701,3701,3701,3701,3701,3701,3701,3701,3701,9.433486938476563,3.1765213012695313,4.395393371582031,0.3160552978515625,55.8165283203125,3.9373626708984375,40.2301139831543,13.703445434570313,2.131134033203125,1.2216644287109375,6.424537658691406,1.7741851806640625,34239672320,34583793664,13393420288,0
3,1743009717493,53740.94105529785,4650,0,1.2,14467.086395263672,3701,3701,3701,3701,3701,3701,3701,3701,3701,3701,3701,3701,9.148628234863281,1.2734527587890625,1.7394332885742188,0.2747802734375,15.466033935546875,2.1126937866210938,25.64611053466797,3.0902328491210938,1.263214111328125,0.5880126953125,4.363685607910156,0.9961090087890625,34239672320,34583793664,13367250944,0
