Delta,Time,CORE0_ENERGY (J),CORE0_FREQ (MHZ),CORE0_PSTATE,CORE0_VOLT (V),CPU_ENERGY (J),CPU_FREQUENCY_0,CPU_FREQUENCY_1,CPU_FREQUENCY_10,CPU_FREQUENCY_11,CPU_FREQUENCY_2,CPU_FREQUENCY_3,CPU_FREQUENCY_4,CPU_FREQUENCY_5,CPU_FREQUENCY_6,CPU_FREQUENCY_7,CPU_FREQUENCY_8,CPU_FREQUENCY_9,CPU_USAGE_0,CPU_USAGE_1,CPU_USAGE_10,CPU_USAGE_11,CPU_USAGE_2,CPU_USAGE_3,CPU_USAGE_4,CPU_USAGE_5,CPU_USAGE_6,CPU_USAGE_7,CPU_USAGE_8,CPU_USAGE_9,TOTAL_MEMORY,TOTAL_SWAP,USED_MEMORY,USED_SWAP
0,1743009123075,52970.907150268555,4650,0,1.19375,59896.67366027832,3701,3701,3701,3701,3701,3701,3701,3701,3701,3701,3701,3701,33.323333740234375,17.195106506347656,12.840583801269531,6.046333312988281,44.98705291748047,27.69695281982422,13.706489562988281,68.57445526123047,28.470870971679688,4.737480163574219,37.48887634277344,15.236320495605469,34239672320,34583793664,13352480768,0
191,1743009123084,52970.97676086426,4650,0,1.20625,59897.489990234375,3701,3701,3701,3701,3701,3701,3701,3701,3701,3701,3701,3701,29.449607849121094,37.45576858520508,15.126914978027344,2.5290679931640625,61.25978469848633,8.991127014160156,79.93290710449219,18.805625915527344,15.473876953125,8.492515563964844,63.402061462402344,5.500831604003906,34239672320,34583793664,13353918464,0
199,1743009123275,54906.61734008789,4650,0,1.2125,59906.911544799805,3701,3701,3701,3701,3701,3701,3701,3701,3701,3701,3701,3701,11.791542053222656,3.920074462890625,3.6851654052734375,0.150604248046875,48.211002349853516,6.455116271972656,44.978172302246094,7.531059265136719,10.023399353027344,0.6324310302734375,12.48541259765625,1.1018295288085938,34239672320,34583793664,13374525440,0
200,1743009123475,27289.731979370117,4650,0,1.19375,59916.81480407715,3701,3701,3701,3701,3701,3701,3701,3701,3701,3701,3701,3701,17.286651611328125,2.7867813110351563,2.800262451171875,0.26995086669921875,56.49624252319336,7.314888000488281,31.579147338867188,9.533897399902344,1.562774658203125,1.1693115234375,4.3638916015625,1.170806884765625,34239672320,34583793664,13389279232,0
4,1743009123676,52973.556900024414,4650,0,1.1875,59924.11795043945,3701,3701,3701,3701,3701,3701,3701,3701,3701,3701,3701,3701,15.536827087402344,1.2764892578125,1.919036865234375,3.0310821533203125,8.100410461425781,4.8296051025390625,1.5482559204101563,18.46009063720703,0.6964797973632813,0.5376815795898438,3.8795089721679688,0.7672042846679688,34239672320,34583793664,13368410112,0
