Delta,Time,CORE0_ENERGY (J),CORE0_FREQ (MHZ),CORE0_PSTATE,CORE0_VOLT (V),CPU_ENERGY (J),CPU_FREQUENCY_0,CPU_FREQUENCY_1,CPU_FREQUENCY_10,CPU_FREQUENCY_11,CPU_FREQUENCY_2,CPU_FREQUENCY_3,CPU_FREQUENCY_4,CPU_FREQUENCY_5,CPU_FREQUENCY_6,CPU_FREQUENCY_7,CPU_FREQUENCY_8,CPU_FREQUENCY_9,CPU_USAGE_0,CPU_USAGE_1,CPU_USAGE_10,CPU_USAGE_11,CPU_USAGE_2,CPU_USAGE_3,CPU_USAGE_4,CPU_USAGE_5,CPU_USAGE_6,CPU_USAGE_7,CPU_USAGE_8,CPU_USAGE_9,TOTAL_MEMORY,TOTAL_SWAP,USED_MEMORY,USED_SWAP
0,1743010268148,28456.71745300293,4650,0,1.1875,32624.42901611328,3701,3701,3701,3701,3701,3701,3701,3701,3701,3701,3701,3701,77.93428039550781,0,0,0,14.701148986816406,17.42724609375,37.11075210571289,31.187705993652344,24.20001220703125,0,18.89776611328125,0,34239672320,34583793664,13356277760,0
190,1743010268157,54389.31886291504,4650,0,1.2125,32625.1904296875,3701,3701,3701,3701,3701,3701,3701,3701,3701,3701,3701,3701,65.15299224853516,3.2643585205078125,20.81249237060547,0,35.04673767089844,14.265396118164063,10.703842163085938,31.070541381835938,16.315414428710938,0,5.081092834472656,5.972679138183594,34239672320,34583793664,13356621824,0
200,1743010268348,56250.045181274414,4650,0,1.2,32634.374633789063,3701,3701,3701,3701,3701,3701,3701,3701,3701,3701,3701,3701,7.623260498046875,3.1701736450195313,0.6927871704101563,4.374290466308594,61.2887077331543,4.4786834716796875,31.248153686523438,7.684089660644531,0.56097412109375,0.9698944091796875,5.301567077636719,1.3311386108398438,34239672320,34583793664,13379158016,0
199,1743010268548,54392.125061035156,4650,0,1.2,32644.177368164063,3701,3701,3701,3701,3701,3701,3701,3701,3701,3701,3701,3701,7.279243469238281,3.0229110717773438,0.5467758178710938,1.5317916870117188,89.32376861572266,0.9182510375976563,10.065483093261719,22.035179138183594,1.2590713500976563,1.6985397338867188,6.493446350097656,1.2762680053710938,34239672320,34583793664,13394743296,0
4,1743010268748,54392.40026855469,3720.0000000000005,0,1.20625,32651.298263549805,3701,3701,3701,3701,3701,3701,3701,3701,3701,3701,3701,3701,15.053665161132813,1.3948745727539063,0.6597061157226563,1.810760498046875,8.385810852050781,1.8694305419921875,5.1917266845703125,7.21954345703125,3.097564697265625,1.0084915161132813,3.7044601440429688,1.2224884033203125,34239672320,34583793664,13362294784,0
