Delta,Time,CORE0_ENERGY (J),CORE0_FREQ (MHZ),CORE0_PSTATE,CORE0_VOLT (V),CPU_ENERGY (J),CPU_FREQUENCY_0,CPU_FREQUENCY_1,CPU_FREQUENCY_10,CPU_FREQUENCY_11,CPU_FREQUENCY_2,CPU_FREQUENCY_3,CPU_FREQUENCY_4,CPU_FREQUENCY_5,CPU_FREQUENCY_6,CPU_FREQUENCY_7,CPU_FREQUENCY_8,CPU_FREQUENCY_9,CPU_USAGE_0,CPU_USAGE_1,CPU_USAGE_10,CPU_USAGE_11,CPU_USAGE_2,CPU_USAGE_3,CPU_USAGE_4,CPU_USAGE_5,CPU_USAGE_6,CPU_USAGE_7,CPU_USAGE_8,CPU_USAGE_9,TOTAL_MEMORY,TOTAL_SWAP,USED_MEMORY,USED_SWAP
0,1743009928915,28126.515533447266,4650,0,1.2,21490.09666442871,3701,3701,3701,3701,3701,3701,3701,3701,3701,3701,3701,3701,37.90679168701172,3.1683197021484375,7.420745849609375,0,84.4304428100586,4.9844970703125,38.11981201171875,31.243125915527344,14.131416320800781,0,20.281028747558594,0,34239672320,34583793664,13355565056,0
190,1743009928925,53992.224212646484,4650,0,1.2,21490.823837280273,3701,3701,3701,3701,3701,3701,3701,3701,3701,3701,3701,3701,21.252288818359375,8.572059631347656,25.820098876953125,0.9134140014648438,40.27153778076172,31.080291748046875,74.17990112304688,10.403282165527344,17.740615844726563,3.3133316040039063,5.439506530761719,6.560783386230469,34239672320,34583793664,13360480256,0
199,1743009929116,53993.39143371582,4650,0,1.2125,21499.794174194336,3701,3701,3701,3701,3701,3701,3701,3701,3701,3701,3701,3701,5.6384429931640625,1.5139923095703125,1.7300338745117188,0.3028106689453125,61.085784912109375,3.9940719604492188,32.590911865234375,5.443603515625,4.4696807861328125,0.5022430419921875,5.5060272216796875,1.4610214233398438,34239672320,34583793664,13378686976,0
199,1743009929316,55867.587814331055,3720.0000000000005,0,1.2,21509.748901367188,3701,3701,3701,3701,3701,3701,3701,3701,3701,3701,3701,3701,23.802703857421875,5.591102600097656,3.2211151123046875,2.8327560424804688,64.28465270996094,5.951072692871094,11.960174560546875,13.968185424804688,1.2613296508789063,0.7739715576171875,5.928932189941406,4.433624267578125,34239672320,34583793664,13391380480,0
4,1743009929516,53995.02949523926,3720.0000000000005,0,1.2,21516.880340576172,3701,3701,3701,3701,3701,3701,3701,3701,3701,3701,3701,3701,7.216361999511719,1.3088912963867188,2.2837905883789063,0.37183380126953125,14.663345336914063,1.2729568481445313,4.493507385253906,13.917732238769531,0.7193756103515625,0.5079421997070313,2.8271255493164063,1.4165115356445313,34239672320,34583793664,13364969472,0
