Delta,Time,CORE0_ENERGY (J),CORE0_FREQ (MHZ),CORE0_PSTATE,CORE0_VOLT (V),CPU_ENERGY (J),CPU_FREQUENCY_0,CPU_FREQUENCY_1,CPU_FREQUENCY_10,CPU_FREQUENCY_11,CPU_FREQUENCY_2,CPU_FREQUENCY_3,CPU_FREQUENCY_4,CPU_FREQUENCY_5,CPU_FREQUENCY_6,CPU_FREQUENCY_7,CPU_FREQUENCY_8,CPU_FREQUENCY_9,CPU_USAGE_0,CPU_USAGE_1,CPU_USAGE_10,CPU_USAGE_11,CPU_USAGE_2,CPU_USAGE_3,CPU_USAGE_4,CPU_USAGE_5,CPU_USAGE_6,CPU_USAGE_7,CPU_USAGE_8,CPU_USAGE_9,TOTAL_MEMORY,TOTAL_SWAP,USED_MEMORY,USED_SWAP
0,1743009971319,28167.29054260254,4650,0,1.20625,22896.781784057617,3701,3701,3701,3701,3701,3701,3701,3701,3701,3701,3701,3701,49.475868225097656,35.06932830810547,55.9354362487793,4.6588592529296875,29.908004760742188,55.39547348022461,55.542964935302734,75.80661010742188,22.008529663085938,15.766448974609375,27.645660400390625,18.840408325195313,34239672320,34583793664,13358206976,0
190,1743009971328,55913.591735839844,4650,0,1.2,22897.564392089844,3701,3701,3701,3701,3701,3701,3701,3701,3701,3701,3701,3701,30.929710388183594,10.793251037597656,14.346122741699219,0.9099655151367188,68.03703308105469,21.128868103027344,84.0775146484375,4.592933654785156,15.603279113769531,13.200912475585938,25.600021362304688,0.6005935668945313,34239672320,34583793664,13362958336,0
199,1743009971519,6036.622497558594,3720.0000000000005,0,1.21875,22906.91130065918,3701,3701,3701,3701,3701,3701,3701,3701,3701,3701,3701,3701,29.250518798828125,4.03216552734375,3.9503021240234375,0.16065216064453125,60.24819564819336,3.679962158203125,41.190185546875,20.629058837890625,0.5454864501953125,0.7496261596679688,4.558235168457031,0.9510574340820313,34239672320,34583793664,13384208384,0
200,1743009971719,55915.31521606445,3720.0000000000005,0,1.2125,22916.644073486328,3701,3701,3701,3701,3701,3701,3701,3701,3701,3701,3701,3701,27.504737854003906,8.160606384277344,2.0720748901367188,0.8033370971679688,57.75813674926758,4.736167907714844,31.476661682128906,7.779777526855469,2.7617721557617188,1.1892013549804688,6.089622497558594,6.8441925048828125,34239672320,34583793664,13387247616,0
4,1743009971920,54043.55709838867,3720.0000000000005,0,1.20625,22924.56199645996,3701,3701,3701,3701,3701,3701,3701,3701,3701,3701,3701,3701,4.9193878173828125,1.2875900268554688,1.3021240234375,2.690948486328125,33.48845672607422,2.731842041015625,3.9669647216796875,10.754966735839844,0,3.1081008911132813,2.5831985473632813,2.3376922607421875,34239672320,34583793664,13368377344,0
