Delta,Time,CORE0_ENERGY (J),CORE0_FREQ (MHZ),CORE0_PSTATE,CORE0_VOLT (V),CPU_ENERGY (J),CPU_FREQUENCY_0,CPU_FREQUENCY_1,CPU_FREQUENCY_10,CPU_FREQUENCY_11,CPU_FREQUENCY_2,CPU_FREQUENCY_3,CPU_FREQUENCY_4,CPU_FREQUENCY_5,CPU_FREQUENCY_6,CPU_FREQUENCY_7,CPU_FREQUENCY_8,CPU_FREQUENCY_9,CPU_USAGE_0,CPU_USAGE_1,CPU_USAGE_10,CPU_USAGE_11,CPU_USAGE_2,CPU_USAGE_3,CPU_USAGE_4,CPU_USAGE_5,CPU_USAGE_6,CPU_USAGE_7,CPU_USAGE_8,CPU_USAGE_9,TOTAL_MEMORY,TOTAL_SWAP,USED_MEMORY,USED_SWAP
0,1743009101874,54881.71598815918,4650,0,1.20625,59194.44599914551,3701,3701,3701,3701,3701,3701,3701,3701,3701,3701,3701,3701,78.93521881103516,0,9.191192626953125,4.546073913574219,46.28308868408203,10.864959716796875,9.400184631347656,54.489280700683594,5.03857421875,4.5188140869140625,22.232421875,2.0281524658203125,34239672320,34583793664,13369147392,0
191,1743009101882,54881.77847290039,4650,0,1.20625,59195.16261291504,3701,3701,3701,3701,3701,3701,3701,3701,3701,3701,3701,3701,29.466217041015625,4.5195159912109375,12.364006042480469,23.646339416503906,51.33171463012695,31.954849243164063,50.29706954956055,14.535980224609375,10.003921508789063,1.3411178588867188,24.30553436279297,1.933685302734375,34239672320,34583793664,13368037376,0
199,1743009102074,54882.872634887695,4650,0,1.2,59204.51921081543,3701,3701,3701,3701,3701,3701,3701,3701,3701,3701,3701,3701,15.218551635742188,4.821418762207031,2.195068359375,0.557647705078125,41.96029281616211,10.761299133300781,47.12574005126953,10.33203125,3.312744140625,1.1245651245117188,2.686737060546875,3.9488525390625,34239672320,34583793664,13387202560,0
200,1743009102274,54883.79507446289,3720.0000000000005,0,1.2125,59214.53514099121,3701,3701,3701,3701,3701,3701,3701,3701,3701,3701,3701,3701,12.406227111816406,4.146492004394531,1.3629913330078125,0.5393600463867188,42.44871520996094,6.1497955322265625,33.17181396484375,7.470512390136719,12.512557983398438,0,2.2282943725585938,0.5664825439453125,34239672320,34583793664,13392666624,0
4,1743009102475,52947.14877319336,4650,0,1.2125,59222.97685241699,3701,3701,3701,3701,3701,3701,3701,3701,3701,3701,3701,3701,6.2737579345703125,1.1560745239257813,1.8978424072265625,3.021331787109375,39.43390655517578,4.655891418457031,11.88922119140625,12.834640502929688,0.5980758666992188,3.191253662109375,1.157623291015625,0.5572509765625,34239672320,34583793664,13375397888,0
