Delta,Time,CORE0_ENERGY (J),CORE0_FREQ (MHZ),CORE0_PSTATE,CORE0_VOLT (V),CPU_ENERGY (J),CPU_FREQUENCY_0,CPU_FREQUENCY_1,CPU_FREQUENCY_10,CPU_FREQUENCY_11,CPU_FREQUENCY_2,CPU_FREQUENCY_3,CPU_FREQUENCY_4,CPU_FREQUENCY_5,CPU_FREQUENCY_6,CPU_FREQUENCY_7,CPU_FREQUENCY_8,CPU_FREQUENCY_9,CPU_USAGE_0,CPU_USAGE_1,CPU_USAGE_10,CPU_USAGE_11,CPU_USAGE_2,CPU_USAGE_3,CPU_USAGE_4,CPU_USAGE_5,CPU_USAGE_6,CPU_USAGE_7,CPU_USAGE_8,CPU_USAGE_9,TOTAL_MEMORY,TOTAL_SWAP,USED_MEMORY,USED_SWAP
0,1743009186701,27352.705047607422,4650,0,1.2,62000.373291015625,3701,3701,3701,3701,3701,3701,3701,3701,3701,3701,3701,3701,78.71076965332031,8.566886901855469,11.85845947265625,8.50689697265625,45.77804946899414,13.239280700683594,20.66131591796875,60.5681266784668,18.722564697265625,14.708091735839844,33.424652099609375,8.879844665527344,34239672320,34583793664,13363294208,0
190,1743009186711,53048.34994506836,4650,0,1.20625,62001.11476135254,3701,3701,3701,3701,3701,3701,3701,3701,3701,3701,3701,3701,37.896522521972656,20.521652221679688,7.900184631347656,0.49968719482421875,48.81949234008789,22.47559356689453,55.15487289428711,12.026168823242188,10.923713684082031,22.526382446289063,14.220626831054688,5.4009857177734375,34239672320,34583793664,13363359744,0
199,1743009186901,53049.19226074219,4650,0,1.2,62010.17192077637,3701,3701,3701,3701,3701,3701,3701,3701,3701,3701,3701,3701,9.043746948242188,2.4960861206054688,1.428741455078125,0.13238525390625,33.800636291503906,7.134056091308594,59.34354782104492,5.681251525878906,1.7385177612304688,0.8523712158203125,2.5442657470703125,0.58514404296875,34239672320,34583793664,13372108800,0
200,1743009187101,54981.20506286621,3720.0000000000005,0,1.2125,62019.80351257324,3701,3701,3701,3701,3701,3701,3701,3701,3701,3701,3701,3701,16.241188049316406,3.0475921630859375,1.480316162109375,0.5942153930664063,43.51203536987305,7.728340148925781,40.427982330322266,6.001380920410156,1.1772384643554688,0.31935882568359375,2.9121856689453125,2.4081268310546875,34239672320,34583793664,13388201984,0
4,1743009187302,55800.784606933594,4650,0,1.20625,62028.11051940918,3701,3701,3701,3701,3701,3701,3701,3701,3701,3701,3701,3701,12.263442993164063,2.2105865478515625,1.887298583984375,0.4164581298828125,33.011497497558594,3.3167953491210938,7.585716247558594,3.7554931640625,3.3099517822265625,1.080078125,1.6482772827148438,1.718505859375,34239672320,34583793664,13366722560,0
