Delta,Time,CORE0_ENERGY (J),CORE0_FREQ (MHZ),CORE0_PSTATE,CORE0_VOLT (V),CPU_ENERGY (J),CPU_FREQUENCY_0,CPU_FREQUENCY_1,CPU_FREQUENCY_10,CPU_FREQUENCY_11,CPU_FREQUENCY_2,CPU_FREQUENCY_3,CPU_FREQUENCY_4,CPU_FREQUENCY_5,CPU_FREQUENCY_6,CPU_FREQUENCY_7,CPU_FREQUENCY_8,CPU_FREQUENCY_9,CPU_USAGE_0,CPU_USAGE_1,CPU_USAGE_10,CPU_USAGE_11,CPU_USAGE_2,CPU_USAGE_3,CPU_USAGE_4,CPU_USAGE_5,CPU_USAGE_6,CPU_USAGE_7,CPU_USAGE_8,CPU_USAGE_9,TOTAL_MEMORY,TOTAL_SWAP,USED_MEMORY,USED_SWAP
0,1743009653219,27855.966751098633,4650,0,1.2,12301.918563842773,3701,3701,3701,3701,3701,3701,3701,3701,3701,3701,3701,3701,75.83929443359375,0,0,0,8.573257446289063,57.370548248291016,28.407684326171875,0,0,0,38.448753356933594,0,34239672320,34583793664,13359595520,0
197,1743009653222,55551.95880126953,4650,0,1.19375,12302.306838989258,3701,3701,3701,3701,3701,3701,3701,3701,3701,3701,3701,3701,91.86428833007813,0,3.9941024780273438,0,46.709861755371094,29.809165954589844,14.665573120117188,0,6.0312957763671875,0,6.9611968994140625,23.764801025390625,34239672320,34583793664,13359689728,0
200,1743009653419,53661.6540222168,4650,0,1.2,12311.662490844727,3701,3701,3701,3701,3701,3701,3701,3701,3701,3701,3701,3701,5.840141296386719,2.9516143798828125,0.6236724853515625,1.7477340698242188,80.87567901611328,2.44378662109375,15.203666687011719,11.633705139160156,0.8927764892578125,0.9422607421875,0.6373825073242188,2.4147567749023438,34239672320,34583793664,13381087232,0
199,1743009653620,55553.68153381348,3720.0000000000005,0,1.2,12322.559036254883,3701,3701,3701,3701,3701,3701,3701,3701,3701,3701,3701,3701,46.90225601196289,8.302406311035156,7.7851409912109375,5.03363037109375,61.7248649597168,11.15789794921875,39.78544235229492,22.968170166015625,12.620086669921875,5.352210998535156,15.613075256347656,6.0027313232421875,34239672320,34583793664,13394984960,0
4,1743009653820,27857.68733215332,4650,0,1.2,12329.891616821289,3701,3701,3701,3701,3701,3701,3701,3701,3701,3701,3701,3701,15.708213806152344,0.9665069580078125,0.35204315185546875,1.4681854248046875,14.705162048339844,1.0634841918945313,8.047874450683594,1.7585525512695313,1.0221328735351563,0.43444061279296875,1.2834091186523438,1.59454345703125,34239672320,34583793664,13364150272,0
