Delta,Time,CORE0_ENERGY (J),CORE0_FREQ (MHZ),CORE0_PSTATE,CORE0_VOLT (V),CPU_ENERGY (J),CPU_FREQUENCY_0,CPU_FREQUENCY_1,CPU_FREQUENCY_10,CPU_FREQUENCY_11,CPU_FREQUENCY_2,CPU_FREQUENCY_3,CPU_FREQUENCY_4,CPU_FREQUENCY_5,CPU_FREQUENCY_6,CPU_FREQUENCY_7,CPU_FREQUENCY_8,CPU_FREQUENCY_9,CPU_USAGE_0,CPU_USAGE_1,CPU_USAGE_10,CPU_USAGE_11,CPU_USAGE_2,CPU_USAGE_3,CPU_USAGE_4,CPU_USAGE_5,CPU_USAGE_6,CPU_USAGE_7,CPU_USAGE_8,CPU_USAGE_9,TOTAL_MEMORY,TOTAL_SWAP,USED_MEMORY,USED_SWAP
0,1743009398770,55228.94958496094,4650,0,1.2125,3566.9486083984375,3701,3701,3701,3701,3701,3701,3701,3701,3701,3701,3701,3701,87.88245391845703,13.200141906738281,5.151161193847656,26.48480987548828,28.310943603515625,27.554672241210938,16.79058837890625,31.900482177734375,15.6143798828125,9.546058654785156,12.222084045410156,19.04302978515625,34239672320,34583793664,13350703104,0
190,1743009398779,53322.710998535156,3720.0000000000005,0,1.2,3567.714599609375,3701,3701,3701,3701,3701,3701,3701,3701,3701,3701,3701,3701,42.15436935424805,2.0922698974609375,7.082283020019531,0.46916961669921875,20.18402099609375,21.617332458496094,65.6954345703125,9.380287170410156,12.106468200683594,4.3652191162109375,12.864112854003906,5.255729675292969,34239672320,34583793664,13350723584,0
199,1743009398970,53324.26171875,4650,0,1.2125,3576.7906494140625,3701,3701,3701,3701,3701,3701,3701,3701,3701,3701,3701,3701,2.96551513671875,2.7685317993164063,0.357757568359375,4.3477783203125,91.89517974853516,0.6553192138671875,3.0760040283203125,11.339462280273438,0.729705810546875,0.5308990478515625,1.503387451171875,1.4171600341796875,34239672320,34583793664,13373239296,0
199,1743009399170,55230.1046295166,4650,0,1.19375,3586.369125366211,3701,3701,3701,3701,3701,3701,3701,3701,3701,3701,3701,3701,12.224311828613281,5.788948059082031,0.80450439453125,1.5784835815429688,76.69551086425781,2.5417709350585938,15.415504455566406,9.15789794921875,1.8865585327148438,1.0637283325195313,2.0533370971679688,1.3052749633789063,34239672320,34583793664,13369438208,0
4,1743009399370,55230.41485595703,4650,0,1.2,3594.0582733154297,3701,3701,3701,3701,3701,3701,3701,3701,3701,3701,3701,3701,12.069129943847656,1.5215072631835938,0.7974090576171875,1.617462158203125,29.62883758544922,2.1379470825195313,6.261543273925781,7.117279052734375,0.9014663696289063,0.602142333984375,1.5158538818359375,1.066497802734375,34239672320,34583793664,13349711872,0
