Delta,Time,CORE0_ENERGY (J),CORE0_FREQ (MHZ),CORE0_PSTATE,CORE0_VOLT (V),CPU_ENERGY (J),CPU_FREQUENCY_0,CPU_FREQUENCY_1,CPU_FREQUENCY_10,CPU_FREQUENCY_11,CPU_FREQUENCY_2,CPU_FREQUENCY_3,CPU_FREQUENCY_4,CPU_FREQUENCY_5,CPU_FREQUENCY_6,CPU_FREQUENCY_7,CPU_FREQUENCY_8,CPU_FREQUENCY_9,CPU_USAGE_0,CPU_USAGE_1,CPU_USAGE_10,CPU_USAGE_11,CPU_USAGE_2,CPU_USAGE_3,CPU_USAGE_4,CPU_USAGE_5,CPU_USAGE_6,CPU_USAGE_7,CPU_USAGE_8,CPU_USAGE_9,TOTAL_MEMORY,TOTAL_SWAP,USED_MEMORY,USED_SWAP
0,1743009822911,53864.662338256836,4650,0,1.2125,17958.598175048828,3701,3701,3701,3701,3701,3701,3701,3701,3701,3701,3701,3701,26.590110778808594,27.5963134765625,9.021446228027344,2.7809524536132813,22.51751708984375,72.09049224853516,49.0554313659668,9.680038452148438,18.47491455078125,3.295166015625,74.07958984375,2.31005859375,34239672320,34583793664,13359587328,0
190,1743009822920,55745.85694885254,3720.0000000000005,0,1.2,17959.350143432617,3701,3701,3701,3701,3701,3701,3701,3701,3701,3701,3701,3701,62.030643463134766,3.1256790161132813,27.924888610839844,1.5853347778320313,71.36568450927734,16.850021362304688,41.14903259277344,3.3139114379882813,16.224586486816406,2.8774566650390625,11.338836669921875,23.992294311523438,34239672320,34583793664,13360545792,0
200,1743009823111,53866.19822692871,4650,0,1.2,17968.413375854492,3701,3701,3701,3701,3701,3701,3701,3701,3701,3701,3701,3701,4.8262786865234375,1.1735382080078125,1.4107589721679688,0.026885986328125,83.04315185546875,1.2106552124023438,13.220314025878906,6.803474426269531,0.5875244140625,3.5298538208007813,6.328086853027344,0.9467010498046875,34239672320,34583793664,13375647744,0
199,1743009823311,55747.2586517334,4650,0,1.21875,17978.044036865234,3701,3701,3701,3701,3701,3701,3701,3701,3701,3701,3701,3701,13.394721984863281,1.9204559326171875,4.09906005859375,2.9062271118164063,56.998600006103516,3.6494674682617188,33.59251403808594,6.7474365234375,4.0441741943359375,0.539031982421875,1.0872268676757813,1.2248382568359375,34239672320,34583793664,13384863744,0
5,1743009823511,53867.74354553223,3720.0000000000005,0,1.20625,17985.34703063965,3701,3701,3701,3701,3701,3701,3701,3701,3701,3701,3701,3701,3.6664962768554688,0.8273773193359375,1.1024169921875,2.7906112670898438,15.312065124511719,1.0665359497070313,4.827674865722656,12.463783264160156,0,0.4062347412109375,4.0591583251953125,0.3160858154296875,34239672320,34583793664,13360816128,0
