Delta,Time,CORE0_ENERGY (J),CORE0_FREQ (MHZ),CORE0_PSTATE,CORE0_VOLT (V),CPU_ENERGY (J),CPU_FREQUENCY_0,CPU_FREQUENCY_1,CPU_FREQUENCY_10,CPU_FREQUENCY_11,CPU_FREQUENCY_2,CPU_FREQUENCY_3,CPU_FREQUENCY_4,CPU_FREQUENCY_5,CPU_FREQUENCY_6,CPU_FREQUENCY_7,CPU_FREQUENCY_8,CPU_FREQUENCY_9,CPU_USAGE_0,CPU_USAGE_1,CPU_USAGE_10,CPU_USAGE_11,CPU_USAGE_2,CPU_USAGE_3,CPU_USAGE_4,CPU_USAGE_5,CPU_USAGE_6,CPU_USAGE_7,CPU_USAGE_8,CPU_USAGE_9,TOTAL_MEMORY,TOTAL_SWAP,USED_MEMORY,USED_SWAP
0,1743009780507,27982.601638793945,4650,0,1.20625,16548.832595825195,3701,3701,3701,3701,3701,3701,3701,3701,3701,3701,3701,3701,60.45097732543945,10.190132141113281,14.020065307617188,7.524444580078125,49.538299560546875,32.87708282470703,25.917945861816406,100,18.939727783203125,20.349365234375,79.43069458007813,8.813209533691406,34239672320,34583793664,13360717824,0
191,1743009780515,53814.85333251953,4650,0,1.20625,16549.58430480957,3701,3701,3701,3701,3701,3701,3701,3701,3701,3701,3701,3701,30.366416931152344,3.4825897216796875,9.788841247558594,0,55.12595748901367,32.027626037597656,22.93102264404297,100,22.981773376464844,1.3924026489257813,63.4256591796875,11.31365966796875,34239672320,34583793664,13364813824,0
200,1743009780707,27983.02618408203,4650,0,1.2,16558.610321044922,3701,3701,3701,3701,3701,3701,3701,3701,3701,3701,3701,3701,8.953277587890625,1.652984619140625,1.8162155151367188,0.5368118286132813,71.57251739501953,3.5969619750976563,23.29376983642578,6.949409484863281,1.377410888671875,0.761077880859375,8.620780944824219,1.8422393798828125,34239672320,34583793664,13373988864,0
199,1743009780908,5965.848449707031,3720.0000000000005,0,1.2125,16568.401901245117,3701,3701,3701,3701,3701,3701,3701,3701,3701,3701,3701,3701,13.172286987304688,5.352027893066406,1.7325668334960938,3.1699447631835938,25.95831298828125,10.09222412109375,37.90680694580078,28.81665802001953,4.190132141113281,1.3249969482421875,3.2191238403320313,1.5786361694335938,34239672320,34583793664,13393920000,0
4,1743009781108,53817.2501373291,4650,0,1.1875,16575.46775817871,3701,3701,3701,3701,3701,3701,3701,3701,3701,3701,3701,3701,7.0034637451171875,1.9823379516601563,1.6434860229492188,0.044586181640625,15.399337768554688,1.8993606567382813,5.0850067138671875,4.2083587646484375,0.215087890625,0.22723388671875,0.9809188842773438,0.678955078125,34239672320,34583793664,13364682752,0
