Delta,Time,CORE0_ENERGY (J),CORE0_FREQ (MHZ),CORE0_PSTATE,CORE0_VOLT (V),CPU_ENERGY (J),CPU_FREQUENCY_0,CPU_FREQUENCY_1,CPU_FREQUENCY_10,CPU_FREQUENCY_11,CPU_FREQUENCY_2,CPU_FREQUENCY_3,CPU_FREQUENCY_4,CPU_FREQUENCY_5,CPU_FREQUENCY_6,CPU_FREQUENCY_7,CPU_FREQUENCY_8,CPU_FREQUENCY_9,CPU_USAGE_0,CPU_USAGE_1,CPU_USAGE_10,CPU_USAGE_11,CPU_USAGE_2,CPU_USAGE_3,CPU_USAGE_4,CPU_USAGE_5,CPU_USAGE_6,CPU_USAGE_7,CPU_USAGE_8,CPU_USAGE_9,TOTAL_MEMORY,TOTAL_SWAP,USED_MEMORY,USED_SWAP
0,1743009207906,55002.485748291016,4650,0,1.2,62698.470764160156,3701,3701,3701,3701,3701,3701,3701,3701,3701,3701,3701,3701,9.611808776855469,69.25961303710938,2.0599594116210938,0.8009872436523438,28.048439025878906,36.11027908325195,14.8717041015625,14.698707580566406,19.726608276367188,0.6299896240234375,48.548030853271484,0,34239672320,34583793664,13355282432,0
190,1743009207916,53073.679122924805,4650,0,1.2,62699.204681396484,3701,3701,3701,3701,3701,3701,3701,3701,3701,3701,3701,3701,19.721031188964844,17.313369750976563,3.2997970581054688,14.699897766113281,36.94186019897461,40.68809127807617,64.58847045898438,16.83953857421875,18.692665100097656,2.7593307495117188,3.69366455078125,7.3569793701171875,34239672320,34583793664,13358370816,0
199,1743009208107,53074.76153564453,4650,0,1.20625,62708.36283874512,3701,3701,3701,3701,3701,3701,3701,3701,3701,3701,3701,3701,7.6463623046875,2.8388824462890625,1.653289794921875,3.4000701904296875,51.92106628417969,6.598480224609375,43.663970947265625,6.142326354980469,3.2965011596679688,3.537994384765625,2.5524444580078125,1.4954757690429688,34239672320,34583793664,13372477440,0
200,1743009208307,55004.27964782715,3720.0000000000005,0,1.2,62718.03341674805,3701,3701,3701,3701,3701,3701,3701,3701,3701,3701,3701,3701,14.033500671386719,3.228759765625,1.8343734741210938,0.32334136962890625,62.42573165893555,8.342582702636719,25.40789031982422,6.39276123046875,1.361541748046875,0.8548660278320313,3.0776748657226563,1.862945556640625,34239672320,34583793664,13383106560,0
4,1743009208507,53076.77207946777,3720.0000000000005,0,1.21875,62726.32922363281,3701,3701,3701,3701,3701,3701,3701,3701,3701,3701,3701,3701,5.1487274169921875,2.3250961303710938,6.6743621826171875,0.23628997802734375,36.276607513427734,3.1942672729492188,23.220932006835938,5.932525634765625,0.960662841796875,0.45245361328125,8.328842163085938,3.3799209594726563,34239672320,34583793664,13365207040,0
