Delta,Time,CORE0_ENERGY (J),CORE0_FREQ (MHZ),CORE0_PSTATE,CORE0_VOLT (V),CPU_ENERGY (J),CPU_FREQUENCY_0,CPU_FREQUENCY_1,CPU_FREQUENCY_10,CPU_FREQUENCY_11,CPU_FREQUENCY_2,CPU_FREQUENCY_3,CPU_FREQUENCY_4,CPU_FREQUENCY_5,CPU_FREQUENCY_6,CPU_FREQUENCY_7,CPU_FREQUENCY_8,CPU_FREQUENCY_9,CPU_USAGE_0,CPU_USAGE_1,CPU_USAGE_10,CPU_USAGE_11,CPU_USAGE_2,CPU_USAGE_3,CPU_USAGE_4,CPU_USAGE_5,CPU_USAGE_6,CPU_USAGE_7,CPU_USAGE_8,CPU_USAGE_9,TOTAL_MEMORY,TOTAL_SWAP,USED_MEMORY,USED_SWAP
0,1743009419990,5806.608062744141,4650,0,1.20625,4400.145431518555,3701,3701,3701,3701,3701,3701,3701,3701,3701,3701,3701,3701,27.645919799804688,38.30141067504883,11.178176879882813,1.7116775512695313,37.268768310546875,68.0098876953125,42.965576171875,48.96235656738281,24.409820556640625,11.886299133300781,69.59794616699219,1.12445068359375,34239672320,34583793664,13594566656,0
190,1743009419999,53365.748779296875,4650,0,1.2125,4401.0361328125,3701,3701,3701,3701,3701,3701,3701,3701,3701,3701,3701,3701,32.7821044921875,45.11968231201172,32.746673583984375,7.336997985839844,68.06075286865234,43.79237365722656,51.676513671875,56.89717483520508,43.07829666137695,10.165367126464844,45.289344787597656,16.467369079589844,34239672320,34583793664,13594722304,0
199,1743009420190,53367.08219909668,4650,0,1.2125,4411.333541870117,3701,3701,3701,3701,3701,3701,3701,3701,3701,3701,3701,3701,24.768798828125,17.80573272705078,4.428169250488281,6.584892272949219,62.39044189453125,20.554466247558594,18.075149536132813,35.54441833496094,10.40765380859375,8.816459655761719,18.849395751953125,6.5596160888671875,34239672320,34583793664,13611630592,0
200,1743009420390,27611.251510620117,3720.0000000000005,0,1.2125,4421.883331298828,3701,3701,3701,3701,3701,3701,3701,3701,3701,3701,3701,3701,27.50800323486328,9.638694763183594,2.1030731201171875,3.17230224609375,52.54779052734375,13.53656005859375,30.47248077392578,25.706314086914063,11.063957214355469,2.4793472290039063,13.697975158691406,5.466758728027344,34239672320,34583793664,13629620224,0
4,1743009420590,53368.80113220215,4650,0,1.1875,4431.290557861328,3701,3701,3701,3701,3701,3701,3701,3701,3701,3701,3701,3701,12.216506958007813,7.4263153076171875,6.844696044921875,1.7971954345703125,9.998863220214844,16.56500244140625,36.51274490356445,23.348922729492188,4.773460388183594,1.02044677734375,3.2860565185546875,2.6474838256835938,34239672320,34583793664,13610090496,0
