Delta,Time,CORE0_ENERGY (J),CORE0_FREQ (MHZ),CORE0_PSTATE,CORE0_VOLT (V),CPU_ENERGY (J),CPU_FREQUENCY_0,CPU_FREQUENCY_1,CPU_FREQUENCY_10,CPU_FREQUENCY_11,CPU_FREQUENCY_2,CPU_FREQUENCY_3,CPU_FREQUENCY_4,CPU_FREQUENCY_5,CPU_FREQUENCY_6,CPU_FREQUENCY_7,CPU_FREQUENCY_8,CPU_FREQUENCY_9,CPU_USAGE_0,CPU_USAGE_1,CPU_USAGE_10,CPU_USAGE_11,CPU_USAGE_2,CPU_USAGE_3,CPU_USAGE_4,CPU_USAGE_5,CPU_USAGE_6,CPU_USAGE_7,CPU_USAGE_8,CPU_USAGE_9,TOTAL_MEMORY,TOTAL_SWAP,USED_MEMORY,USED_SWAP
0,1743009144288,27310.126998901367,4650,0,1.20625,60597.06602478027,3701,3701,3701,3701,3701,3701,3701,3701,3701,3701,3701,3701,50.633575439453125,3.0869064331054688,15.031837463378906,5.354026794433594,37.25715255737305,7.4837188720703125,14.639244079589844,23.590011596679688,16.02556610107422,4.376640319824219,9.031021118164063,13.324043273925781,34239672320,34583793664,13355401216,0
199,1743009144289,54931.056900024414,4650,0,1.20625,60597.336837768555,3701,3701,3701,3701,3701,3701,3701,3701,3701,3701,3701,3701,27.604415893554688,8.937431335449219,5.6128997802734375,0,24.607940673828125,31.34101104736328,91.83069610595703,0,8.757400512695313,52.7064323425293,10.507682800292969,3.4765548706054688,34239672320,34583793664,13356478464,0
200,1743009144489,27310.608474731445,4650,0,1.20625,60607.051330566406,3701,3701,3701,3701,3701,3701,3701,3701,3701,3701,3701,3701,12.082923889160156,3.8999710083007813,1.6301040649414063,0.10003662109375,34.508544921875,6.963676452636719,55.358314514160156,14.048568725585938,1.0607681274414063,2.652984619140625,3.852386474609375,1.5187759399414063,34239672320,34583793664,13381152768,0
200,1743009144689,54933.26307678223,4650,0,1.19375,60616.71113586426,3701,3701,3701,3701,3701,3701,3701,3701,3701,3701,3701,3701,13.726516723632813,2.7402420043945313,1.7127532958984375,0.8000411987304688,50.3220100402832,7.3143463134765625,35.616859436035156,11.710700988769531,3.3310165405273438,0.9479751586914063,1.5617752075195313,1.3718414306640625,34239672320,34583793664,13389377536,0
4,1743009144889,27311.45167541504,4650,0,1.2,60624.52867126465,3701,3701,3701,3701,3701,3701,3701,3701,3701,3701,3701,3701,13.452583312988281,1.2363510131835938,1.5378799438476563,0.6936187744140625,32.11663055419922,2.3465805053710938,5.995933532714844,3.0803070068359375,0.4359893798828125,0.4456787109375,0.6551589965820313,0.5306930541992188,34239672320,34583793664,13370912768,0
