Delta,Time,CORE0_ENERGY (J),CORE0_FREQ (MHZ),CORE0_PSTATE,CORE0_VOLT (V),CPU_ENERGY (J),CPU_FREQUENCY_0,CPU_FREQUENCY_1,CPU_FREQUENCY_10,CPU_FREQUENCY_11,CPU_FREQUENCY_2,CPU_FREQUENCY_3,CPU_FREQUENCY_4,CPU_FREQUENCY_5,CPU_FREQUENCY_6,CPU_FREQUENCY_7,CPU_FREQUENCY_8,CPU_FREQUENCY_9,CPU_USAGE_0,CPU_USAGE_1,CPU_USAGE_10,CPU_USAGE_11,CPU_USAGE_2,CPU_USAGE_3,CPU_USAGE_4,CPU_USAGE_5,CPU_USAGE_6,CPU_USAGE_7,CPU_USAGE_8,CPU_USAGE_9,TOTAL_MEMORY,TOTAL_SWAP,USED_MEMORY,USED_SWAP
0,1743010119744,54213.31716918945,4650,0,1.19375,27799.04719543457,3701,3701,3701,3701,3701,3701,3701,3701,3701,3701,3701,3701,78.58318328857422,5.945075988769531,9.648475646972656,14.555435180664063,22.874908447265625,38.20120620727539,20.74322509765625,45.61164474487305,38.05303192138672,6.9013824462890625,38.92206954956055,13.710037231445313,34239672320,34583793664,13372100608,0
190,1743010119754,54213.36251831055,3720.0000000000005,0,1.2,27799.721115112305,3701,3701,3701,3701,3701,3701,3701,3701,3701,3701,3701,3701,67.89073944091797,0.7901840209960938,0,33.998741149902344,26.024978637695313,6.3155517578125,36.38041687011719,25.740333557128906,9.282829284667969,0.856903076171875,26.24291229248047,1.701934814453125,34239672320,34583793664,13372067840,0
200,1743010119944,54214.76710510254,4650,0,1.20625,27808.68098449707,3701,3701,3701,3701,3701,3701,3701,3701,3701,3701,3701,3701,6.613800048828125,1.43048095703125,0.29114532470703125,1.342315673828125,82.85466766357422,1.1209564208984375,13.00634765625,8.377998352050781,1.211944580078125,0.39090728759765625,2.3573455810546875,1.365875244140625,34239672320,34583793664,13384855552,0
199,1743010120145,54216.215911865234,4650,0,1.19375,27818.23028564453,3701,3701,3701,3701,3701,3701,3701,3701,3701,3701,3701,3701,9.105064392089844,2.3895111083984375,0.192413330078125,1.2921829223632813,76.14643859863281,2.8176498413085938,18.381446838378906,8.414321899414063,1.9330902099609375,0.2689971923828125,5.539405822753906,3.357330322265625,34239672320,34583793664,13394677760,0
4,1743010120345,54216.605407714844,3720.0000000000005,0,1.18125,27825.940811157227,3701,3701,3701,3701,3701,3701,3701,3701,3701,3701,3701,3701,23.84320831298828,1.8004150390625,0,1.1114349365234375,19.08753204345703,0.7408218383789063,7.477394104003906,1.5064620971679688,0.7527313232421875,0.3227386474609375,2.8578567504882813,4.9907073974609375,34239672320,34583793664,13364805632,0
