Delta,Time,CORE0_ENERGY (J),CORE0_FREQ (MHZ),CORE0_PSTATE,CORE0_VOLT (V),CPU_ENERGY (J),CPU_FREQUENCY_0,CPU_FREQUENCY_1,CPU_FREQUENCY_10,CPU_FREQUENCY_11,CPU_FREQUENCY_2,CPU_FREQUENCY_3,CPU_FREQUENCY_4,CPU_FREQUENCY_5,CPU_FREQUENCY_6,CPU_FREQUENCY_7,CPU_FREQUENCY_8,CPU_FREQUENCY_9,CPU_USAGE_0,CPU_USAGE_1,CPU_USAGE_10,CPU_USAGE_11,CPU_USAGE_2,CPU_USAGE_3,CPU_USAGE_4,CPU_USAGE_5,CPU_USAGE_6,CPU_USAGE_7,CPU_USAGE_8,CPU_USAGE_9,TOTAL_MEMORY,TOTAL_SWAP,USED_MEMORY,USED_SWAP
0,1743009632012,55528.88847351074,4650,0,1.20625,11594.528884887695,3701,3701,3701,3701,3701,3701,3701,3701,3701,3701,3701,3701,78.87542724609375,0,0,2.8349456787109375,45.80408477783203,9.413810729980469,18.42662811279297,28.136436462402344,22.837539672851563,0,11.01177978515625,9.683807373046875,34239672320,34583793664,13362401280,0
191,1743009632021,55528.9460144043,4650,0,1.2,11595.2177734375,3701,3701,3701,3701,3701,3701,3701,3701,3701,3701,3701,3701,20.818710327148438,9.179611206054688,5.1920928955078125,28.833419799804688,61.32403564453125,29.66265869140625,49.3485107421875,20.200790405273438,14.0078125,4.990692138671875,27.11315155029297,7.740837097167969,34239672320,34583793664,13364645888,0
199,1743009632213,55529.68083190918,4650,0,1.2125,11604.323379516602,3701,3701,3701,3701,3701,3701,3701,3701,3701,3701,3701,3701,4.982398986816406,2.0977096557617188,0.1435394287109375,1.8481216430664063,68.5979995727539,4.158699035644531,25.490890502929688,7.471832275390625,0.38544464111328125,3.189117431640625,4.0240936279296875,1.1617279052734375,34239672320,34583793664,13379743744,0
200,1743009632413,55530.55958557129,4650,0,1.19375,11614.111938476563,3701,3701,3701,3701,3701,3701,3701,3701,3701,3701,3701,3701,7.217323303222656,1.69757080078125,0.6182327270507813,1.5309982299804688,55.13626480102539,4.117561340332031,33.225181579589844,8.746467590332031,0.7246170043945313,0.4304351806640625,11.160820007324219,1.347900390625,34239672320,34583793664,13389029376,0
4,1743009632613,53637.335845947266,4650,0,1.1875,11622.186325073242,3701,3701,3701,3701,3701,3701,3701,3701,3701,3701,3701,3701,14.472671508789063,1.049346923828125,0.5869369506835938,1.8345260620117188,34.512542724609375,3.4015350341796875,20.892486572265625,2.0697784423828125,0.9174880981445313,0.5564651489257813,1.2884521484375,1.00494384765625,34239672320,34583793664,13373403136,0
