Delta,Time,CORE0_ENERGY (J),CORE0_FREQ (MHZ),CORE0_PSTATE,CORE0_VOLT (V),CPU_ENERGY (J),CPU_FREQUENCY_0,CPU_FREQUENCY_1,CPU_FREQUENCY_10,CPU_FREQUENCY_11,CPU_FREQUENCY_2,CPU_FREQUENCY_3,CPU_FREQUENCY_4,CPU_FREQUENCY_5,CPU_FREQUENCY_6,CPU_FREQUENCY_7,CPU_FREQUENCY_8,CPU_FREQUENCY_9,CPU_USAGE_0,CPU_USAGE_1,CPU_USAGE_10,CPU_USAGE_11,CPU_USAGE_2,CPU_USAGE_3,CPU_USAGE_4,CPU_USAGE_5,CPU_USAGE_6,CPU_USAGE_7,CPU_USAGE_8,CPU_USAGE_9,TOTAL_MEMORY,TOTAL_SWAP,USED_MEMORY,USED_SWAP
0,1743010246948,56064.54293823242,4650,0,1.2,31936.736038208008,3701,3701,3701,3701,3701,3701,3701,3701,3701,3701,3701,3701,12.147560119628906,13.654220581054688,1.0333709716796875,1.3991241455078125,68.51654815673828,1.8543167114257813,55.138633728027344,7.409278869628906,18.5953369140625,6.619743347167969,27.72637176513672,0.6170425415039063,34239672320,34583793664,13361299456,0
200,1743010246948,28436.517837524414,4650,0,1.2,31937.083602905273,3701,3701,3701,3701,3701,3701,3701,3701,3701,3701,3701,3701,99.28604125976563,7.129570007324219,44.983299255371094,6.591606140136719,100,6.927581787109375,12.899223327636719,79.7192153930664,22.986618041992188,2.86383056640625,1.2599258422851563,49.1170539855957,34239672320,34583793664,13361385472,0
200,1743010247148,54367.9306640625,4650,0,1.19375,31946.56591796875,3701,3701,3701,3701,3701,3701,3701,3701,3701,3701,3701,3701,10.054092407226563,2.6379928588867188,0.32987213134765625,1.393341064453125,84.08155822753906,2.7049331665039063,16.122657775878906,10.386024475097656,1.8978424072265625,0.7225265502929688,3.0489273071289063,1.2130584716796875,34239672320,34583793664,13382029312,0
200,1743010247348,54369.28741455078,4650,0,1.20625,31956.048385620117,3701,3701,3701,3701,3701,3701,3701,3701,3701,3701,3701,3701,13.228691101074219,1.7915878295898438,0.76788330078125,2.4175491333007813,70.02957153320313,2.5552749633789063,17.687957763671875,9.265090942382813,4.644508361816406,0.4958648681640625,1.3712539672851563,0.8840789794921875,34239672320,34583793664,13387337728,0
4,1743010247549,54369.63032531738,3720.0000000000005,0,1.2125,31963.161849975586,3701,3701,3701,3701,3701,3701,3701,3701,3701,3701,3701,3701,4.028953552246094,2.19146728515625,2.389617919921875,1.4730682373046875,17.157501220703125,1.0636749267578125,2.1386871337890625,16.881736755371094,0.43923187255859375,0.46756744384765625,0.6302413940429688,0.5078506469726563,34239672320,34583793664,13368143872,0
