Delta,Time,CORE0_ENERGY (J),CORE0_FREQ (MHZ),CORE0_PSTATE,CORE0_VOLT (V),CPU_ENERGY (J),CPU_FREQUENCY_0,CPU_FREQUENCY_1,CPU_FREQUENCY_10,CPU_FREQUENCY_11,CPU_FREQUENCY_2,CPU_FREQUENCY_3,CPU_FREQUENCY_4,CPU_FREQUENCY_5,CPU_FREQUENCY_6,CPU_FREQUENCY_7,CPU_FREQUENCY_8,CPU_FREQUENCY_9,CPU_USAGE_0,CPU_USAGE_1,CPU_USAGE_10,CPU_USAGE_11,CPU_USAGE_2,CPU_USAGE_3,CPU_USAGE_4,CPU_USAGE_5,CPU_USAGE_6,CPU_USAGE_7,CPU_USAGE_8,CPU_USAGE_9,TOTAL_MEMORY,TOTAL_SWAP,USED_MEMORY,USED_SWAP
0,1743009335173,55156.971618652344,4650,0,1.20625,1446.487289428711,3701,3701,3701,3701,3701,3701,3701,3701,3701,3701,3701,3701,41.140098571777344,26.974258422851563,14.846633911132813,20.916282653808594,86.79576873779297,39.90017318725586,31.37567138671875,85.7683334350586,27.12591552734375,24.341079711914063,50.05208206176758,24.35357666015625,34239672320,34583793664,13345968128,0
190,1743009335183,55157.036544799805,4650,0,1.2,1447.1947021484375,3701,3701,3701,3701,3701,3701,3701,3701,3701,3701,3701,3701,16.238426208496094,22.60381317138672,6.8567352294921875,3.33795166015625,94.42760467529297,19.245849609375,58.94184494018555,20.90222930908203,10.603042602539063,7.6608428955078125,24.376541137695313,1.70306396484375,34239672320,34583793664,13344997376,0
199,1743009335374,55157.56608581543,4650,0,1.2125,1456.5570678710938,3701,3701,3701,3701,3701,3701,3701,3701,3701,3701,3701,3701,10.038124084472656,7.06719970703125,1.1761398315429688,1.9306259155273438,80.50835418701172,11.951332092285156,8.448684692382813,11.734619140625,10.805282592773438,1.5941848754882813,1.6718826293945313,13.527687072753906,34239672320,34583793664,13363150848,0
199,1743009335574,55158.231185913086,3720.0000000000005,0,1.2,1466.7200469970703,3701,3701,3701,3701,3701,3701,3701,3701,3701,3701,3701,3701,12.3638916015625,6.0445404052734375,1.5708770751953125,3.4219741821289063,78.87313842773438,3.8975296020507813,9.156600952148438,31.202285766601563,1.4033279418945313,1.2736663818359375,7.972755432128906,2.3382949829101563,34239672320,34583793664,13376573440,0
4,1743009335774,53248.91310119629,4650,0,1.1875,1474.5264587402344,3701,3701,3701,3701,3701,3701,3701,3701,3701,3701,3701,3701,10.7366943359375,1.3562088012695313,0.20951080322265625,1.6417770385742188,34.88445281982422,2.9829940795898438,3.98895263671875,2.659881591796875,0.50982666015625,0.9735260009765625,1.0572891235351563,0.7990493774414063,34239672320,34583793664,13339774976,0
