Delta,Time,CORE0_ENERGY (J),CORE0_FREQ (MHZ),CORE0_PSTATE,CORE0_VOLT (V),CPU_ENERGY (J),CPU_FREQUENCY_0,CPU_FREQUENCY_1,CPU_FREQUENCY_10,CPU_FREQUENCY_11,CPU_FREQUENCY_2,CPU_FREQUENCY_3,CPU_FREQUENCY_4,CPU_FREQUENCY_5,CPU_FREQUENCY_6,CPU_FREQUENCY_7,CPU_FREQUENCY_8,CPU_FREQUENCY_9,CPU_USAGE_0,CPU_USAGE_1,CPU_USAGE_10,CPU_USAGE_11,CPU_USAGE_2,CPU_USAGE_3,CPU_USAGE_4,CPU_USAGE_5,CPU_USAGE_6,CPU_USAGE_7,CPU_USAGE_8,CPU_USAGE_9,TOTAL_MEMORY,TOTAL_SWAP,USED_MEMORY,USED_SWAP
0,1743009610824,55505.70852661133,4650,0,1.2,10896.284805297852,3701,3701,3701,3701,3701,3701,3701,3701,3701,3701,3701,3701,86.35157012939453,2.62017822265625,26.233009338378906,2.9015884399414063,47.477088928222656,39.66365432739258,29.75737762451172,6.468780517578125,25.87451171875,2.924835205078125,36.72351837158203,2.5571670532226563,34239672320,34583793664,13354782720,0
192,1743009610832,53609.60720825195,3720.0000000000005,0,1.19375,10896.837783813477,3701,3701,3701,3701,3701,3701,3701,3701,3701,3701,3701,3701,24.685684204101563,8.990837097167969,12.724937438964844,7.9997711181640625,80.47931671142578,9.179222106933594,43.728858947753906,13.261421203613281,22.096633911132813,6.7081146240234375,23.412864685058594,7.782722473144531,34239672320,34583793664,13356134400,0
200,1743009611024,55506.45788574219,4650,0,1.2,10906.050186157227,3701,3701,3701,3701,3701,3701,3701,3701,3701,3701,3701,3701,6.106315612792969,4.74993896484375,0.09589385986328125,4.1752471923828125,71.96138763427734,3.396148681640625,22.7711181640625,7.237571716308594,0.44728851318359375,3.3111572265625,3.712921142578125,0.8401641845703125,34239672320,34583793664,13377519616,0
199,1743009611225,55507.26354980469,4650,0,1.2,10915.597763061523,3701,3701,3701,3701,3701,3701,3701,3701,3701,3701,3701,3701,8.253318786621094,1.4758682250976563,0.508819580078125,1.6116561889648438,65.05655670166016,4.648399353027344,30.43486785888672,7.61151123046875,1.4597091674804688,0.34868621826171875,1.285064697265625,1.1829986572265625,34239672320,34583793664,13395378176,0
4,1743009611425,55507.49662780762,4650,0,1.2,10922.480484008789,3701,3701,3701,3701,3701,3701,3701,3701,3701,3701,3701,3701,6.734260559082031,2.2990798950195313,1.61187744140625,1.88348388671875,10.737068176269531,1.58880615234375,7.1314697265625,3.4133529663085938,0.92138671875,0.7686538696289063,1.516632080078125,0.9850692749023438,34239672320,34583793664,13361111040,0
