Delta,Time,CORE0_ENERGY (J),CORE0_FREQ (MHZ),CORE0_PSTATE,CORE0_VOLT (V),CPU_ENERGY (J),CPU_FREQUENCY_0,CPU_FREQUENCY_1,CPU_FREQUENCY_10,CPU_FREQUENCY_11,CPU_FREQUENCY_2,CPU_FREQUENCY_3,CPU_FREQUENCY_4,CPU_FREQUENCY_5,CPU_FREQUENCY_6,CPU_FREQUENCY_7,CPU_FREQUENCY_8,CPU_FREQUENCY_9,CPU_USAGE_0,CPU_USAGE_1,CPU_USAGE_10,CPU_USAGE_11,CPU_USAGE_2,CPU_USAGE_3,CPU_USAGE_4,CPU_USAGE_5,CPU_USAGE_6,CPU_USAGE_7,CPU_USAGE_8,CPU_USAGE_9,TOTAL_MEMORY,TOTAL_SWAP,USED_MEMORY,USED_SWAP
0,1743009377585,55206.80842590332,4650,0,1.2,2865.1710205078125,3701,3701,3701,3701,3701,3701,3701,3701,3701,3701,3701,3701,86.52008056640625,3.7029190063476563,15.864021301269531,5.357025146484375,53.84379959106445,10.060531616210938,19.781646728515625,53.54145050048828,37.744483947753906,5.54937744140625,37.1468391418457,6.2729034423828125,34239672320,34583793664,13353791488,0
193,1743009377592,53297.00231933594,4650,0,1.2125,2865.6727905273438,3701,3701,3701,3701,3701,3701,3701,3701,3701,3701,3701,3701,85.83524322509766,0,2.396392822265625,0,53.32465744018555,0.6447372436523438,14.219131469726563,7.355224609375,12.798576354980469,1.3516159057617188,8.3330078125,0,34239672320,34583793664,13353771008,0
200,1743009377785,55207.41319274902,4650,0,1.2,2874.8207397460938,3701,3701,3701,3701,3701,3701,3701,3701,3701,3701,3701,3701,4.793235778808594,2.61859130859375,0.7075119018554688,2.1021041870117188,80.65904235839844,2.1050262451171875,11.752914428710938,9.571502685546875,1.2250747680664063,0.9910659790039063,6.3658905029296875,1.0878372192382813,34239672320,34583793664,13367324672,0
200,1743009377985,53299.79676818848,3720.0000000000005,0,1.20625,2884.6559143066406,3701,3701,3701,3701,3701,3701,3701,3701,3701,3701,3701,3701,19.85790252685547,1.5068817138671875,0.00778961181640625,1.2544021606445313,70.44352722167969,2.3585662841796875,10.199386596679688,8.223861694335938,1.1779327392578125,0.399871826171875,3.73883056640625,1.5201187133789063,34239672320,34583793664,13378371584,0
4,1743009378185,53300.046813964844,3720.0000000000005,0,1.2,2891.6427001953125,3701,3701,3701,3701,3701,3701,3701,3701,3701,3701,3701,3701,8.351783752441406,5.342384338378906,0.7950973510742188,1.36871337890625,1.9765701293945313,6.669731140136719,10.463485717773438,2.8645782470703125,0.9339981079101563,0.05738067626953125,0.7254714965820313,1.0528640747070313,34239672320,34583793664,13349326848,0
