Delta,Time,CORE0_ENERGY (J),CORE0_FREQ (MHZ),CORE0_PSTATE,CORE0_VOLT (V),CPU_ENERGY (J),CPU_FREQUENCY_0,CPU_FREQUENCY_1,CPU_FREQUENCY_10,CPU_FREQUENCY_11,CPU_FREQUENCY_2,CPU_FREQUENCY_3,CPU_FREQUENCY_4,CPU_FREQUENCY_5,CPU_FREQUENCY_6,CPU_FREQUENCY_7,CPU_FREQUENCY_8,CPU_FREQUENCY_9,CPU_USAGE_0,CPU_USAGE_1,CPU_USAGE_10,CPU_USAGE_11,CPU_USAGE_2,CPU_USAGE_3,CPU_USAGE_4,CPU_USAGE_5,CPU_USAGE_6,CPU_USAGE_7,CPU_USAGE_8,CPU_USAGE_9,TOTAL_MEMORY,TOTAL_SWAP,USED_MEMORY,USED_SWAP
0,1743009844114,53888.24499511719,4650,0,1.19375,18659.252731323242,3701,3701,3701,3701,3701,3701,3701,3701,3701,3701,3701,3701,77.39729309082031,0,8.145454406738281,0,47.86290740966797,1.6856765747070313,20.631080627441406,45.045440673828125,17.482681274414063,0,10.545997619628906,12.078704833984375,34239672320,34583793664,13349576704,0
190,1743009844124,53888.30261230469,3720.0000000000005,0,1.20625,18659.944061279297,3701,3701,3701,3701,3701,3701,3701,3701,3701,3701,3701,3701,51.75884246826172,3.78076171875,25.225868225097656,1.7919158935546875,24.57494354248047,21.623245239257813,82.99935150146484,16.0445556640625,5.768852233886719,2.5495681762695313,20.114700317382813,7.293182373046875,34239672320,34583793664,13354377216,0
200,1743009844315,55771.12370300293,4650,0,1.2125,18669.048629760742,3701,3701,3701,3701,3701,3701,3701,3701,3701,3701,3701,3701,3.9711151123046875,4.1370697021484375,4.172416687011719,0.9712600708007813,70.51325225830078,6.4070892333984375,26.220367431640625,6.559486389160156,1.3278656005859375,3.817169189453125,2.0545806884765625,1.809051513671875,34239672320,34583793664,13371965440,0
199,1743009844515,28044.262939453125,4650,0,1.20625,18678.86833190918,3701,3701,3701,3701,3701,3701,3701,3701,3701,3701,3701,3701,30.40612030029297,2.3864212036132813,2.8522491455078125,0.6454849243164063,58.88172912597656,2.6160430908203125,19.21404266357422,19.69432830810547,2.2210769653320313,1.3937835693359375,4.268470764160156,1.6287460327148438,34239672320,34583793664,13388931072,0
4,1743009844715,28044.503997802734,4650,0,1.2,18686.677017211914,3701,3701,3701,3701,3701,3701,3701,3701,3701,3701,3701,3701,6.475379943847656,0.8032455444335938,1.3153228759765625,0,35.308860778808594,1.6998062133789063,4.117561340332031,5.900413513183594,7.469268798828125,0.02655792236328125,0.3548126220703125,0.63446044921875,34239672320,34583793664,13355110400,0
