Delta,Time,CORE0_ENERGY (J),CORE0_FREQ (MHZ),CORE0_PSTATE,CORE0_VOLT (V),CPU_ENERGY (J),CPU_FREQUENCY_0,CPU_FREQUENCY_1,CPU_FREQUENCY_10,CPU_FREQUENCY_11,CPU_FREQUENCY_2,CPU_FREQUENCY_3,CPU_FREQUENCY_4,CPU_FREQUENCY_5,CPU_FREQUENCY_6,CPU_FREQUENCY_7,CPU_FREQUENCY_8,CPU_FREQUENCY_9,CPU_USAGE_0,CPU_USAGE_1,CPU_USAGE_10,CPU_USAGE_11,CPU_USAGE_2,CPU_USAGE_3,CPU_USAGE_4,CPU_USAGE_5,CPU_USAGE_6,CPU_USAGE_7,CPU_USAGE_8,CPU_USAGE_9,TOTAL_MEMORY,TOTAL_SWAP,USED_MEMORY,USED_SWAP
0,1743009483609,53460.92379760742,4650,0,1.2125,6674.968078613281,3701,3701,3701,3701,3701,3701,3701,3701,3701,3701,3701,3701,24.404342651367188,20.500885009765625,7.5142059326171875,16.063812255859375,79.72637939453125,16.372894287109375,42.37625503540039,29.094131469726563,21.030860900878906,2.445343017578125,18.983680725097656,15.312034606933594,34239672320,34583793664,13384069120,0
191,1743009483618,55364.247146606445,4650,0,1.20625,6675.598098754883,3701,3701,3701,3701,3701,3701,3701,3701,3701,3701,3701,3701,26.274803161621094,21.512451171875,6.0839691162109375,13.625076293945313,63.04261016845703,21.33226776123047,56.04205322265625,7.348388671875,31.2933349609375,2.7004165649414063,10.583091735839844,5.98760986328125,34239672320,34583793664,13384183808,0
200,1743009483810,53462.14108276367,4650,0,1.20625,6684.680679321289,3701,3701,3701,3701,3701,3701,3701,3701,3701,3701,3701,3701,7.307525634765625,2.8252792358398438,0.7360382080078125,1.5168304443359375,57.61476516723633,5.153144836425781,32.484771728515625,6.440177917480469,3.3147125244140625,0.4487152099609375,1.5928115844726563,1.22308349609375,34239672320,34583793664,13393088512,0
199,1743009484010,55365.7724609375,3720.0000000000005,0,1.2,6694.351959228516,3701,3701,3701,3701,3701,3701,3701,3701,3701,3701,3701,3701,12.569404602050781,1.6455230712890625,0.01184844970703125,1.4063262939453125,64.80502319335938,5.043975830078125,22.086212158203125,8.071090698242188,4.17236328125,0.4624481201171875,7.1710357666015625,3.5294418334960938,34239672320,34583793664,13408972800,0
4,1743009484210,27693.282592773438,4650,0,1.2,6702.290863037109,3701,3701,3701,3701,3701,3701,3701,3701,3701,3701,3701,3701,7.392219543457031,11.200607299804688,0.8419876098632813,1.7780838012695313,15.561248779296875,25.64221954345703,10.899337768554688,3.5337371826171875,0.8006362915039063,0.9343414306640625,1.7704925537109375,1.5364913940429688,34239672320,34583793664,13379674112,0
