Delta,Time,CORE0_ENERGY (J),CORE0_FREQ (MHZ),CORE0_PSTATE,CORE0_VOLT (V),CPU_ENERGY (J),CPU_FREQUENCY_0,CPU_FREQUENCY_1,CPU_FREQUENCY_10,CPU_FREQUENCY_11,CPU_FREQUENCY_2,CPU_FREQUENCY_3,CPU_FREQUENCY_4,CPU_FREQUENCY_5,CPU_FREQUENCY_6,CPU_FREQUENCY_7,CPU_FREQUENCY_8,CPU_FREQUENCY_9,CPU_USAGE_0,CPU_USAGE_1,CPU_USAGE_10,CPU_USAGE_11,CPU_USAGE_2,CPU_USAGE_3,CPU_USAGE_4,CPU_USAGE_5,CPU_USAGE_6,CPU_USAGE_7,CPU_USAGE_8,CPU_USAGE_9,TOTAL_MEMORY,TOTAL_SWAP,USED_MEMORY,USED_SWAP
0,1743009907710,28105.206619262695,4650,0,1.2,20779.60093688965,3701,3701,3701,3701,3701,3701,3701,3701,3701,3701,3701,3701,77.12106323242188,0.06499481201171875,8.053276062011719,3.6286697387695313,30.63524627685547,35.37281799316406,28.68341827392578,6.911376953125,16.95447540283203,18.957290649414063,27.043563842773438,0.99591064453125,34239672320,34583793664,13361680384,0
191,1743009907719,53966.01518249512,4650,0,1.2,20780.242065429688,3701,3701,3701,3701,3701,3701,3701,3701,3701,3701,3701,3701,26.355484008789063,3.7613677978515625,6.156463623046875,17.63440704345703,59.65454864501953,17.951454162597656,62.110069274902344,8.659858703613281,9.709869384765625,24.92877960205078,29.421554565429688,2.5355682373046875,34239672320,34583793664,13361770496,0
200,1743009907910,55842.86512756348,3720.0000000000005,0,1.2,20789.625442504883,3701,3701,3701,3701,3701,3701,3701,3701,3701,3701,3701,3701,18.32872772216797,1.7098007202148438,1.9487533569335938,0.26158905029296875,60.97956085205078,3.8628311157226563,44.83588409423828,8.297286987304688,1.9528274536132813,0.6486434936523438,3.6430206298828125,2.1106338500976563,34239672320,34583793664,13374078976,0
200,1743009908111,55843.74771118164,4650,0,1.2,20799.2559967041,3701,3701,3701,3701,3701,3701,3701,3701,3701,3701,3701,3701,17.36827850341797,1.68634033203125,1.8625564575195313,0.5182647705078125,57.71010208129883,5.66851806640625,34.958946228027344,8.782432556152344,4.8381195068359375,1.021820068359375,1.3780288696289063,4.7461395263671875,34239672320,34583793664,13386301440,0
4,1743009908311,53969.032287597656,4650,0,1.1875,20807.939743041992,3701,3701,3701,3701,3701,3701,3701,3701,3701,3701,3701,3701,26.846878051757813,2.100372314453125,4.3922119140625,1.083282470703125,34.36394500732422,2.09283447265625,26.855819702148438,3.0624237060546875,5.9341888427734375,1.0168991088867188,2.5275039672851563,1.6430282592773438,34239672320,34583793664,13366784000,0
