Delta,Time,CORE0_ENERGY (J),CORE0_FREQ (MHZ),CORE0_PSTATE,CORE0_VOLT (V),CPU_ENERGY (J),CPU_FREQUENCY_0,CPU_FREQUENCY_1,CPU_FREQUENCY_10,CPU_FREQUENCY_11,CPU_FREQUENCY_2,CPU_FREQUENCY_3,CPU_FREQUENCY_4,CPU_FREQUENCY_5,CPU_FREQUENCY_6,CPU_FREQUENCY_7,CPU_FREQUENCY_8,CPU_FREQUENCY_9,CPU_USAGE_0,CPU_USAGE_1,CPU_USAGE_10,CPU_USAGE_11,CPU_USAGE_2,CPU_USAGE_3,CPU_USAGE_4,CPU_USAGE_5,CPU_USAGE_6,CPU_USAGE_7,CPU_USAGE_8,CPU_USAGE_9,TOTAL_MEMORY,TOTAL_SWAP,USED_MEMORY,USED_SWAP
0,1743010225749,54341.10220336914,4650,0,1.19375,31247.667510986328,3701,3701,3701,3701,3701,3701,3701,3701,3701,3701,3701,3701,43.26036834716797,8.342269897460938,3.4989013671875,20.00981903076172,85.2008056640625,6.2814788818359375,40.76868438720703,40.150535583496094,13.504714965820313,2.11260986328125,20.328887939453125,6.504188537597656,34239672320,34583793664,13364350976,0
191,1743010225758,54341.15872192383,4650,0,1.2,31248.37890625,3701,3701,3701,3701,3701,3701,3701,3701,3701,3701,3701,3701,41.00400161743164,4.0213775634765625,1.9964828491210938,8.150115966796875,55.72221374511719,5.694190979003906,17.67780303955078,14.603744506835938,22.907798767089844,0,44.99538040161133,0.8762741088867188,34239672320,34583793664,13364678656,0
200,1743010225950,56201.64628601074,3720.0000000000005,0,1.20625,31257.362869262695,3701,3701,3701,3701,3701,3701,3701,3701,3701,3701,3701,3701,5.400146484375,3.14337158203125,0.5579757690429688,1.7725296020507813,83.1888198852539,3.5734939575195313,7.606422424316406,10.152847290039063,3.0029067993164063,0.7201385498046875,3.064239501953125,1.4540786743164063,34239672320,34583793664,13375688704,0
199,1743010226150,54344.08351135254,4650,0,1.2,31266.92286682129,3701,3701,3701,3701,3701,3701,3701,3701,3701,3701,3701,3701,12.466659545898438,2.40142822265625,0.8485946655273438,1.9729537963867188,74.200927734375,6.891609191894531,12.519737243652344,9.79876708984375,0.8407821655273438,4.1673126220703125,1.5246353149414063,1.346405029296875,34239672320,34583793664,13389328384,0
4,1743010226350,54344.45259094238,4650,0,1.1875,31274.509658813477,3701,3701,3701,3701,3701,3701,3701,3701,3701,3701,3701,3701,3.645233154296875,2.4266891479492188,0.420166015625,1.807159423828125,16.051483154296875,2.8503189086914063,20.444541931152344,9.41278076171875,2.9841384887695313,0.5266799926757813,1.1461105346679688,1.10736083984375,34239672320,34583793664,13368348672,0
