Delta,Time,CORE0_ENERGY (J),CORE0_FREQ (MHZ),CORE0_PSTATE,CORE0_VOLT (V),CPU_ENERGY (J),CPU_FREQUENCY_0,CPU_FREQUENCY_1,CPU_FREQUENCY_10,CPU_FREQUENCY_11,CPU_FREQUENCY_2,CPU_FREQUENCY_3,CPU_FREQUENCY_4,CPU_FREQUENCY_5,CPU_FREQUENCY_6,CPU_FREQUENCY_7,CPU_FREQUENCY_8,CPU_FREQUENCY_9,CPU_USAGE_0,CPU_USAGE_1,CPU_USAGE_10,CPU_USAGE_11,CPU_USAGE_2,CPU_USAGE_3,CPU_USAGE_4,CPU_USAGE_5,CPU_USAGE_6,CPU_USAGE_7,CPU_USAGE_8,CPU_USAGE_9,TOTAL_MEMORY,TOTAL_SWAP,USED_MEMORY,USED_SWAP
0,1743009865321,5996.375137329102,4650,0,1.20625,19372.432006835938,3701,3701,3701,3701,3701,3701,3701,3701,3701,3701,3701,3701,78.05497741699219,2.561767578125,1.3558807373046875,2.8137435913085938,37.93058776855469,31.45916748046875,9.320159912109375,48.244659423828125,15.8875732421875,0,23.84485626220703,0,34239672320,34583793664,13356503040,0
191,1743009865330,53915.62886047363,3720.0000000000005,0,1.2,19373.132400512695,3701,3701,3701,3701,3701,3701,3701,3701,3701,3701,3701,3701,59.136444091796875,15.25469970703125,8.774215698242188,14.282669067382813,18.1700439453125,31.53857421875,49.060340881347656,15.923545837402344,17.75030517578125,4.839607238769531,35.57526397705078,4.762664794921875,34239672320,34583793664,13355536384,0
199,1743009865521,53916.51795959473,4650,0,1.20625,19382.421875,3701,3701,3701,3701,3701,3701,3701,3701,3701,3701,3701,3701,7.914573669433594,3.2273406982421875,4.505859375,0.6035842895507813,39.31759262084961,6.922645568847656,48.832305908203125,21.157791137695313,3.7291336059570313,3.2245330810546875,3.5306472778320313,1.4234085083007813,34239672320,34583793664,13380771840,0
200,1743009865721,55796.5447845459,3720.0000000000005,0,1.2,19391.86476135254,3701,3701,3701,3701,3701,3701,3701,3701,3701,3701,3701,3701,16.863319396972656,1.8637008666992188,1.7441253662109375,0.6344680786132813,66.90837097167969,4.2491302490234375,17.295242309570313,10.406181335449219,2.9303359985351563,0.7335433959960938,2.5619888305664063,1.54876708984375,34239672320,34583793664,13383815168,0
4,1743009865921,53918.23356628418,4650,0,1.1875,19399.120071411133,3701,3701,3701,3701,3701,3701,3701,3701,3701,3701,3701,3701,8.984832763671875,0.7429962158203125,1.44891357421875,0,19.846458435058594,0.8331069946289063,5.449256896972656,1.0173721313476563,0.7543716430664063,0.1011810302734375,0.21845245361328125,3.4388580322265625,34239672320,34583793664,13354893312,0
