Delta,Time,CORE0_ENERGY (J),CORE0_FREQ (MHZ),CORE0_PSTATE,CORE0_VOLT (V),CPU_ENERGY (J),CPU_FREQUENCY_0,CPU_FREQUENCY_1,CPU_FREQUENCY_10,CPU_FREQUENCY_11,CPU_FREQUENCY_2,CPU_FREQUENCY_3,CPU_FREQUENCY_4,CPU_FREQUENCY_5,CPU_FREQUENCY_6,CPU_FREQUENCY_7,CPU_FREQUENCY_8,CPU_FREQUENCY_9,CPU_USAGE_0,CPU_USAGE_1,CPU_USAGE_10,CPU_USAGE_11,CPU_USAGE_2,CPU_USAGE_3,CPU_USAGE_4,CPU_USAGE_5,CPU_USAGE_6,CPU_USAGE_7,CPU_USAGE_8,CPU_USAGE_9,TOTAL_MEMORY,TOTAL_SWAP,USED_MEMORY,USED_SWAP
0,1743009568424,53558.57215881348,4650,0,1.2,9487.06396484375,3701,3701,3701,3701,3701,3701,3701,3701,3701,3701,3701,3701,86.145263671875,2.9962234497070313,4.4862213134765625,16.40802764892578,31.575332641601563,29.6605224609375,39.989253997802734,27.384613037109375,24.04790496826172,7.591148376464844,35.123199462890625,8.30584716796875,34239672320,34583793664,13367767040,0
191,1743009568432,53558.66427612305,4650,0,1.2,9487.718353271484,3701,3701,3701,3701,3701,3701,3701,3701,3701,3701,3701,3701,14.431694030761719,10.609519958496094,7.1929931640625,3.454071044921875,90.25726318359375,5.212127685546875,47.41597366333008,5.638984680175781,20.393890380859375,2.3530502319335938,7.182380676269531,3.223907470703125,34239672320,34583793664,13372440576,0
200,1743009568624,55460.41845703125,4650,0,1.2,9497.119232177734,3701,3701,3701,3701,3701,3701,3701,3701,3701,3701,3701,3701,13.62353515625,2.6960678100585938,0.432403564453125,2.142303466796875,63.14980697631836,4.148674011230469,26.779541015625,15.480323791503906,2.1879653930664063,0.6182022094726563,9.170303344726563,1.1873245239257813,34239672320,34583793664,13394919424,0
199,1743009568824,55461.02966308594,3720.0000000000005,0,1.2,9507.132797241211,3701,3701,3701,3701,3701,3701,3701,3701,3701,3701,3701,3701,13.001457214355469,1.452117919921875,0.6477203369140625,2.2389068603515625,72.64031219482422,2.0623321533203125,14.899528503417969,7.7294158935546875,1.5669097900390625,0.9709548950195313,4.182258605957031,0.43653106689453125,34239672320,34583793664,13405794304,0
4,1743009569025,55461.25630187988,4650,0,1.2,9514.134307861328,3701,3701,3701,3701,3701,3701,3701,3701,3701,3701,3701,3701,4.1348876953125,1.0571212768554688,0.41376495361328125,2.40093994140625,9.677230834960938,0.975067138671875,6.928215026855469,1.7068023681640625,0.5219573974609375,0.186737060546875,0.7675094604492188,2.8029098510742188,34239672320,34583793664,13384851456,0
