Delta,Time,CORE0_ENERGY (J),CORE0_FREQ (MHZ),CORE0_PSTATE,CORE0_VOLT (V),CPU_ENERGY (J),CPU_FREQUENCY_0,CPU_FREQUENCY_1,CPU_FREQUENCY_10,CPU_FREQUENCY_11,CPU_FREQUENCY_2,CPU_FREQUENCY_3,CPU_FREQUENCY_4,CPU_FREQUENCY_5,CPU_FREQUENCY_6,CPU_FREQUENCY_7,CPU_FREQUENCY_8,CPU_FREQUENCY_9,CPU_USAGE_0,CPU_USAGE_1,CPU_USAGE_10,CPU_USAGE_11,CPU_USAGE_2,CPU_USAGE_3,CPU_USAGE_4,CPU_USAGE_5,CPU_USAGE_6,CPU_USAGE_7,CPU_USAGE_8,CPU_USAGE_9,TOTAL_MEMORY,TOTAL_SWAP,USED_MEMORY,USED_SWAP
0,1743009526017,27733.436111450195,3720.0000000000005,0,1.19375,8081.100036621094,3701,3701,3701,3701,3701,3701,3701,3701,3701,3701,3701,3701,25.882492065429688,2.123382568359375,26.86920928955078,0.00099945068359375,45.974666595458984,22.87036895751953,70.66650390625,25.212684631347656,3.9188613891601563,1.8744583129882813,32.34062194824219,4.365730285644531,34239672320,34583793664,13375180800,0
190,1743009526026,53509.44186401367,4650,0,1.2,8081.788040161133,3701,3701,3701,3701,3701,3701,3701,3701,3701,3701,3701,3701,34.24127960205078,0,5.313774108886719,0,63.823116302490234,18.34027862548828,47.169639587402344,16.968467712402344,1.6426773071289063,37.569236755371094,8.579338073730469,3.5318679809570313,34239672320,34583793664,13374242816,0
199,1743009526217,53510.35835266113,3720.0000000000005,0,1.21875,8091.118118286133,3701,3701,3701,3701,3701,3701,3701,3701,3701,3701,3701,3701,11.326560974121094,4.2349700927734375,3.0214080810546875,1.7663955688476563,37.73125076293945,8.134986877441406,55.842010498046875,6.048713684082031,2.142120361328125,1.112457275390625,5.776863098144531,4.870231628417969,34239672320,34583793664,13396709376,0
200,1743009526417,55414.258377075195,3720.0000000000005,0,1.225,8100.724655151367,3701,3701,3701,3701,3701,3701,3701,3701,3701,3701,3701,3701,13.156089782714844,1.3905868530273438,0.40865325927734375,1.525390625,62.82373046875,4.1447906494140625,28.478179931640625,6.78717041015625,1.759185791015625,0.730804443359375,4.051048278808594,1.5992584228515625,34239672320,34583793664,13403025408,0
4,1743009526617,5870.310836791992,4650,0,1.2,8108.533950805664,3701,3701,3701,3701,3701,3701,3701,3701,3701,3701,3701,3701,9.227081298828125,3.8056411743164063,0.556060791015625,4.7364654541015625,10.688148498535156,7.551849365234375,4.3937225341796875,17.98680877685547,0.7224884033203125,3.489776611328125,8.152664184570313,0.7641983032226563,34239672320,34583793664,13389111296,0
