Delta,Time,CORE0_ENERGY (J),CORE0_FREQ (MHZ),CORE0_PSTATE,CORE0_VOLT (V),CPU_ENERGY (J),CPU_FREQUENCY_0,CPU_FREQUENCY_1,CPU_FREQUENCY_10,CPU_FREQUENCY_11,CPU_FREQUENCY_2,CPU_FREQUENCY_3,CPU_FREQUENCY_4,CPU_FREQUENCY_5,CPU_FREQUENCY_6,CPU_FREQUENCY_7,CPU_FREQUENCY_8,CPU_FREQUENCY_9,CPU_USAGE_0,CPU_USAGE_1,CPU_USAGE_10,CPU_USAGE_11,CPU_USAGE_2,CPU_USAGE_3,CPU_USAGE_4,CPU_USAGE_5,CPU_USAGE_6,CPU_USAGE_7,CPU_USAGE_8,CPU_USAGE_9,TOTAL_MEMORY,TOTAL_SWAP,USED_MEMORY,USED_SWAP
0,1743009165494,5686.204406738281,4650,0,1.2,61301.01916503906,3701,3701,3701,3701,3701,3701,3701,3701,3701,3701,3701,3701,38.93974304199219,38.78684997558594,19.91706085205078,0,86.39952087402344,6.155693054199219,100,13.297691345214844,13.09283447265625,17.167984008789063,61.70480728149414,1.3980178833007813,34239672320,34583793664,13363257344,0
191,1743009165503,54955.93330383301,3720.0000000000005,0,1.21875,61301.77973937988,3701,3701,3701,3701,3701,3701,3701,3701,3701,3701,3701,3701,39.56819152832031,22.420433044433594,25.187164306640625,0.3821563720703125,69.21516418457031,29.589027404785156,82.49592590332031,5.2530975341796875,12.173446655273438,1.3312835693359375,27.181747436523438,3.065093994140625,34239672320,34583793664,13366071296,0
199,1743009165694,54957.13896179199,4650,0,1.20625,61311.02899169922,3701,3701,3701,3701,3701,3701,3701,3701,3701,3701,3701,3701,8.181747436523438,3.4667739868164063,2.3923110961914063,0.1950225830078125,33.295135498046875,8.259719848632813,58.947391510009766,4.273956298828125,0.7334747314453125,0.35987091064453125,2.5153427124023438,0.5591583251953125,34239672320,34583793664,13368311808,0
199,1743009165894,54957.63703918457,4650,0,1.19375,61320.883239746094,3701,3701,3701,3701,3701,3701,3701,3701,3701,3701,3701,3701,4.8101654052734375,2.5905532836914063,1.8613357543945313,3.0082626342773438,90.50578308105469,1.7936019897460938,8.423927307128906,8.423332214355469,0.516357421875,3.2597885131835938,1.17529296875,2.6091079711914063,34239672320,34583793664,13386928128,0
3,1743009166094,52484.02572631836,4650,0,1.21875,61329.76840209961,3701,3701,3701,3701,3701,3701,3701,3701,3701,3701,3701,3701,15.620086669921875,3.900787353515625,3.7049179077148438,0.84246826171875,42.37812042236328,7.118804931640625,14.222694396972656,4.1317291259765625,1.7229690551757813,1.2595367431640625,2.0130386352539063,2.1134109497070313,34239672320,34583793664,13364326400,0
