Delta,Time,CORE0_ENERGY (J),CORE0_FREQ (MHZ),CORE0_PSTATE,CORE0_VOLT (V),CPU_ENERGY (J),CPU_FREQUENCY_0,CPU_FREQUENCY_1,CPU_FREQUENCY_10,CPU_FREQUENCY_11,CPU_FREQUENCY_2,CPU_FREQUENCY_3,CPU_FREQUENCY_4,CPU_FREQUENCY_5,CPU_FREQUENCY_6,CPU_FREQUENCY_7,CPU_FREQUENCY_8,CPU_FREQUENCY_9,CPU_USAGE_0,CPU_USAGE_1,CPU_USAGE_10,CPU_USAGE_11,CPU_USAGE_2,CPU_USAGE_3,CPU_USAGE_4,CPU_USAGE_5,CPU_USAGE_6,CPU_USAGE_7,CPU_USAGE_8,CPU_USAGE_9,TOTAL_MEMORY,TOTAL_SWAP,USED_MEMORY,USED_SWAP
0,1743010034933,55987.39944458008,4650,0,1.20625,25005.228759765625,3701,3701,3701,3701,3701,3701,3701,3701,3701,3701,3701,3701,80.18585205078125,0,5.7475738525390625,0,53.47365951538086,12.985649108886719,2.5772323608398438,64.32449340820313,15.813064575195313,1.64312744140625,17.503524780273438,4.04937744140625,34239672320,34583793664,13354614784,0
192,1743010034941,54113.643478393555,4650,0,1.20625,25005.878540039063,3701,3701,3701,3701,3701,3701,3701,3701,3701,3701,3701,3701,35.233070373535156,10.537849426269531,3.8705673217773438,27.03435516357422,55.30964660644531,34.259971618652344,67.33106994628906,14.148979187011719,7.439720153808594,4.138397216796875,17.556922912597656,4.0955810546875,34239672320,34583793664,13363093504,0
200,1743010035133,54114.58805847168,4650,0,1.2,25014.890167236328,3701,3701,3701,3701,3701,3701,3701,3701,3701,3701,3701,3701,4.394813537597656,2.2263870239257813,1.5400543212890625,0.3817901611328125,43.445194244384766,5.50225830078125,53.95428466796875,4.49566650390625,1.7341079711914063,0.5636825561523438,2.3188552856445313,1.3061599731445313,34239672320,34583793664,13374750720,0
200,1743010035333,55989.286041259766,3720.0000000000005,0,1.21875,25024.81037902832,3701,3701,3701,3701,3701,3701,3701,3701,3701,3701,3701,3701,13.969123840332031,2.723236083984375,3.7497787475585938,0.2039642333984375,68.78081512451172,1.98773193359375,19.148666381835938,12.978775024414063,2.8174972534179688,1.7004852294921875,0.8450469970703125,1.9618682861328125,34239672320,34583793664,13389881344,0
4,1743010035534,54116.549072265625,3720.0000000000005,0,1.20625,25032.610305786133,3701,3701,3701,3701,3701,3701,3701,3701,3701,3701,3701,3701,10.550262451171875,2.3224716186523438,2.0002517700195313,1.091278076171875,30.862831115722656,2.3503646850585938,5.433891296386719,6.7518157958984375,2.7696075439453125,0.32122039794921875,0.6779327392578125,0.8396377563476563,34239672320,34583793664,13363216384,0
