Delta,Time,CORE0_ENERGY (J),CORE0_FREQ (MHZ),CORE0_PSTATE,CORE0_VOLT (V),CPU_ENERGY (J),CPU_FREQUENCY_0,CPU_FREQUENCY_1,CPU_FREQUENCY_10,CPU_FREQUENCY_11,CPU_FREQUENCY_2,CPU_FREQUENCY_3,CPU_FREQUENCY_4,CPU_FREQUENCY_5,CPU_FREQUENCY_6,CPU_FREQUENCY_7,CPU_FREQUENCY_8,CPU_FREQUENCY_9,CPU_USAGE_0,CPU_USAGE_1,CPU_USAGE_10,CPU_USAGE_11,CPU_USAGE_2,CPU_USAGE_3,CPU_USAGE_4,CPU_USAGE_5,CPU_USAGE_6,CPU_USAGE_7,CPU_USAGE_8,CPU_USAGE_9,TOTAL_MEMORY,TOTAL_SWAP,USED_MEMORY,USED_SWAP
0,1743010056137,6066.883041381836,4650,0,1.19375,25703.044876098633,3701,3701,3701,3701,3701,3701,3701,3701,3701,3701,3701,3701,44.252281188964844,33.09074401855469,21.359375,5.68023681640625,26.707717895507813,76.85816955566406,83.50811004638672,17.403602600097656,14.509498596191406,2.17132568359375,23.909591674804688,6.533973693847656,34239672320,34583793664,13354164224,0
191,1743010056146,56010.70950317383,4650,0,1.20625,25703.811279296875,3701,3701,3701,3701,3701,3701,3701,3701,3701,3701,3701,3701,65.17667388916016,1.9574432373046875,10.515220642089844,0.9380569458007813,7.645782470703125,99.94630432128906,79.0311508178711,50.789215087890625,14.925186157226563,2.184844970703125,31.818862915039063,5.517784118652344,34239672320,34583793664,13353869312,0
199,1743010056337,56011.32228088379,3720.0000000000005,0,1.20625,25712.86277770996,3701,3701,3701,3701,3701,3701,3701,3701,3701,3701,3701,3701,8.909332275390625,4.050880432128906,0.35575103759765625,1.482452392578125,75.59791564941406,6.212074279785156,16.462539672851563,9.495697021484375,0.6440963745117188,0.9119491577148438,2.1013259887695313,2.3465499877929688,34239672320,34583793664,13376475136,0
199,1743010056537,28249.9705657959,3720.0000000000005,0,1.2,25722.667556762695,3701,3701,3701,3701,3701,3701,3701,3701,3701,3701,3701,3701,7.9944305419921875,2.4731521606445313,1.2902297973632813,2.4591903686523438,66.62667846679688,5.254661560058594,25.519859313964844,17.079788208007813,1.2594146728515625,0.76910400390625,4.028205871582031,1.1080245971679688,34239672320,34583793664,13388148736,0
4,1743010056737,28250.25213623047,4650,0,1.2,25730.088577270508,3701,3701,3701,3701,3701,3701,3701,3701,3701,3701,3701,3701,13.8828125,1.4778366088867188,0.863525390625,2.603363037109375,10.840240478515625,2.73291015625,7.03802490234375,13.8475341796875,1.38507080078125,0.6483840942382813,1.4276199340820313,3.643096923828125,34239672320,34583793664,13362057216,0
