Delta,Time,CORE0_ENERGY (J),CORE0_FREQ (MHZ),CORE0_PSTATE,CORE0_VOLT (V),CPU_ENERGY (J),CPU_FREQUENCY_0,CPU_FREQUENCY_1,CPU_FREQUENCY_10,CPU_FREQUENCY_11,CPU_FREQUENCY_2,CPU_FREQUENCY_3,CPU_FREQUENCY_4,CPU_FREQUENCY_5,CPU_FREQUENCY_6,CPU_FREQUENCY_7,CPU_FREQUENCY_8,CPU_FREQUENCY_9,CPU_USAGE_0,CPU_USAGE_1,CPU_USAGE_10,CPU_USAGE_11,CPU_USAGE_2,CPU_USAGE_3,CPU_USAGE_4,CPU_USAGE_5,CPU_USAGE_6,CPU_USAGE_7,CPU_USAGE_8,CPU_USAGE_9,TOTAL_MEMORY,TOTAL_SWAP,USED_MEMORY,USED_SWAP
0,1743009462407,55341.32426452637,4650,0,1.20625,5966.141815185547,3701,3701,3701,3701,3701,3701,3701,3701,3701,3701,3701,3701,43.25603485107422,0,0,9.442192077636719,19.809104919433594,0,9.810272216796875,31.807701110839844,3.2511444091796875,0,15.960418701171875,0,34239672320,34583793664,13388165120,0
200,1743009462407,5846.655197143555,4650,0,1.19375,5966.486343383789,3701,3701,3701,3701,3701,3701,3701,3701,3701,3701,3701,3701,1.3959197998046875,18.21490478515625,0,4.567726135253906,42.55744552612305,30.69615936279297,98.74207305908203,33.64598083496094,18.426895141601563,0,27.210365295410156,0,34239672320,34583793664,13386973184,0
199,1743009462607,55341.91372680664,3720.0000000000005,0,1.20625,5976.027938842773,3701,3701,3701,3701,3701,3701,3701,3701,3701,3701,3701,3701,11.196212768554688,3.3963088989257813,0.5812225341796875,1.7022781372070313,80.93409729003906,4.0044403076171875,3.7727432250976563,20.769989013671875,4.738960266113281,0.8502426147460938,6.83428955078125,1.645294189453125,34239672320,34583793664,13413031936,0
200,1743009462807,53438.32824707031,3720.0000000000005,0,1.2125,5985.627304077148,3701,3701,3701,3701,3701,3701,3701,3701,3701,3701,3701,3701,6.153236389160156,1.8745956420898438,0.8571395874023438,1.621978759765625,57.230472564697266,3.4675521850585938,37.53031539916992,9.679069519042969,3.5174484252929688,0.84539794921875,2.0551376342773438,1.753631591796875,34239672320,34583793664,13424336896,0
4,1743009463008,55343.22952270508,4650,0,1.2,5993.302764892578,3701,3701,3701,3701,3701,3701,3701,3701,3701,3701,3701,3701,8.784759521484375,3.0957260131835938,0.6479263305664063,1.7607345581054688,13.327606201171875,5.91082763671875,7.487754821777344,6.1805572509765625,8.315635681152344,0.6287841796875,1.8193130493164063,1.1659927368164063,34239672320,34583793664,13403373568,0
