Delta,Time,CORE0_ENERGY (J),CORE0_FREQ (MHZ),CORE0_PSTATE,CORE0_VOLT (V),CPU_ENERGY (J),CPU_FREQUENCY_0,CPU_FREQUENCY_1,CPU_FREQUENCY_10,CPU_FREQUENCY_11,CPU_FREQUENCY_2,CPU_FREQUENCY_3,CPU_FREQUENCY_4,CPU_FREQUENCY_5,CPU_FREQUENCY_6,CPU_FREQUENCY_7,CPU_FREQUENCY_8,CPU_FREQUENCY_9,CPU_USAGE_0,CPU_USAGE_1,CPU_USAGE_10,CPU_USAGE_11,CPU_USAGE_2,CPU_USAGE_3,CPU_USAGE_4,CPU_USAGE_5,CPU_USAGE_6,CPU_USAGE_7,CPU_USAGE_8,CPU_USAGE_9,TOTAL_MEMORY,TOTAL_SWAP,USED_MEMORY,USED_SWAP
0,1743010289373,54420.1376953125,4650,0,1.2,33325.94502258301,3701,3701,3701,3701,3701,3701,3701,3701,3701,3701,3701,3701,30.049781799316406,13.011878967285156,9.106681823730469,2.7324600219726563,85.78267669677734,3.7734832763671875,38.01369857788086,40.303768157958984,29.342140197753906,6.387847900390625,16.648193359375,5.947273254394531,34239672320,34583793664,13348106240,0
191,1743010289382,54420.18916320801,3720.0000000000005,0,1.2,33326.63641357422,3701,3701,3701,3701,3701,3701,3701,3701,3701,3701,3701,3701,57.727027893066406,1.2197647094726563,0,0,22.49054718017578,8.558212280273438,77.89008331298828,13.226692199707031,9.014335632324219,21.719749450683594,3.8062973022460938,1.3461074829101563,34239672320,34583793664,13355384832,0
200,1743010289574,56273.63577270508,4650,0,1.2125,33335.87515258789,3701,3701,3701,3701,3701,3701,3701,3701,3701,3701,3701,3701,7.055519104003906,3.0098419189453125,0.79071044921875,4.684425354003906,84.70451354980469,2.4514236450195313,7.673240661621094,26.43146514892578,2.8441314697265625,2.2615127563476563,1.83001708984375,1.701690673828125,34239672320,34583793664,13380325376,0
199,1743010289774,56274.260192871094,3720.0000000000005,0,1.2125,33345.432693481445,3701,3701,3701,3701,3701,3701,3701,3701,3701,3701,3701,3701,9.132064819335938,4.257049560546875,2.7029190063476563,1.4417648315429688,76.457275390625,1.6842727661132813,14.33746337890625,11.696144104003906,3.31494140625,0.4636383056640625,9.990341186523438,1.1305084228515625,34239672320,34583793664,13382774784,0
4,1743010289974,28478.769577026367,4650,0,1.20625,33353.54789733887,3701,3701,3701,3701,3701,3701,3701,3701,3701,3701,3701,3701,6.47259521484375,2.66802978515625,0.46285247802734375,1.9249114990234375,44.92013168334961,2.458343505859375,5.0474395751953125,10.505203247070313,0.6580657958984375,0.685028076171875,0.9661407470703125,0.9376907348632813,34239672320,34583793664,13364101120,0
