Delta,Time,CORE0_ENERGY (J),CORE0_FREQ (MHZ),CORE0_PSTATE,CORE0_VOLT (V),CPU_ENERGY (J),CPU_FREQUENCY_0,CPU_FREQUENCY_1,CPU_FREQUENCY_10,CPU_FREQUENCY_11,CPU_FREQUENCY_2,CPU_FREQUENCY_3,CPU_FREQUENCY_4,CPU_FREQUENCY_5,CPU_FREQUENCY_6,CPU_FREQUENCY_7,CPU_FREQUENCY_8,CPU_FREQUENCY_9,CPU_USAGE_0,CPU_USAGE_1,CPU_USAGE_10,CPU_USAGE_11,CPU_USAGE_2,CPU_USAGE_3,CPU_USAGE_4,CPU_USAGE_5,CPU_USAGE_6,CPU_USAGE_7,CPU_USAGE_8,CPU_USAGE_9,TOTAL_MEMORY,TOTAL_SWAP,USED_MEMORY,USED_SWAP
0,1743010183348,54289.29180908203,4650,0,1.19375,29870.188430786133,3701,3701,3701,3701,3701,3701,3701,3701,3701,3701,3701,3701,77.41374206542969,0,6.260688781738281,0,23.165138244628906,18.99201202392578,44.64662551879883,18.48511505126953,32.33821105957031,2.410491943359375,11.280632019042969,0,34239672320,34583793664,13356720128,0
190,1743010183358,54289.356033325195,4650,0,1.20625,29870.87026977539,3701,3701,3701,3701,3701,3701,3701,3701,3701,3701,3701,3701,34.878379821777344,2.4168930053710938,9.711860656738281,24.061080932617188,47.13045120239258,19.671836853027344,73.11515045166016,2.8141632080078125,10.493865966796875,1.555877685546875,12.0423583984375,2.5616226196289063,34239672320,34583793664,13362188288,0
200,1743010183549,54290.649490356445,4650,0,1.20625,29880.154327392578,3701,3701,3701,3701,3701,3701,3701,3701,3701,3701,3701,3701,12.806083679199219,3.313323974609375,1.5776138305664063,5.039512634277344,67.91163635253906,7.1471099853515625,21.30785369873047,18.345870971679688,5.99658203125,2.0397109985351563,13.180259704589844,2.6444473266601563,34239672320,34583793664,13383180288,0
200,1743010183749,56157.55195617676,3720.0000000000005,0,1.2,29889.94645690918,3701,3701,3701,3701,3701,3701,3701,3701,3701,3701,3701,3701,34.501441955566406,1.8301010131835938,0.5719223022460938,1.9066925048828125,80.35691833496094,2.7526092529296875,10.475051879882813,11.644691467285156,3.5576171875,1.0231399536132813,13.299079895019531,1.6961441040039063,34239672320,34583793664,13388300288,0
4,1743010183949,56157.93391418457,4650,0,1.2,29897.931900024414,3701,3701,3701,3701,3701,3701,3701,3701,3701,3701,3701,3701,20.21417999267578,3.3186569213867188,3.3194580078125,1.892303466796875,32.628028869628906,2.9826126098632813,13.312583923339844,6.1104888916015625,0.471221923828125,0.8039398193359375,1.0308761596679688,1.8601303100585938,34239672320,34583793664,13369749504,0
