Delta,Time,CORE0_ENERGY (J),CORE0_FREQ (MHZ),CORE0_PSTATE,CORE0_VOLT (V),CPU_ENERGY (J),CPU_FREQUENCY_0,CPU_FREQUENCY_1,CPU_FREQUENCY_10,CPU_FREQUENCY_11,CPU_FREQUENCY_2,CPU_FREQUENCY_3,CPU_FREQUENCY_4,CPU_FREQUENCY_5,CPU_FREQUENCY_6,CPU_FREQUENCY_7,CPU_FREQUENCY_8,CPU_FREQUENCY_9,CPU_USAGE_0,CPU_USAGE_1,CPU_USAGE_10,CPU_USAGE_11,CPU_USAGE_2,CPU_USAGE_3,CPU_USAGE_4,CPU_USAGE_5,CPU_USAGE_6,CPU_USAGE_7,CPU_USAGE_8,CPU_USAGE_9,TOTAL_MEMORY,TOTAL_SWAP,USED_MEMORY,USED_SWAP
0,1743009801705,55723.15809631348,4650,0,1.2125,17251.833114624023,3701,3701,3701,3701,3701,3701,3701,3701,3701,3701,3701,3701,78.88301086425781,0.12497711181640625,19.476303100585938,5.85888671875,29.74034881591797,37.90979766845703,30.608184814453125,1.8566436767578125,43.42774963378906,0,15.093132019042969,4.99005126953125,34239672320,34583793664,13362462720,0
191,1743009801714,55723.20783996582,4650,0,1.20625,17252.46971130371,3701,3701,3701,3701,3701,3701,3701,3701,3701,3701,3701,3701,19.004905700683594,7.760078430175781,34.91448974609375,0,51.91279983520508,27.985191345214844,41.373966217041016,8.700569152832031,2.708404541015625,0,19.131370544433594,6.9334869384765625,34239672320,34583793664,13361438720,0
200,1743009801905,55723.69953918457,4650,0,1.19375,17261.545806884766,3701,3701,3701,3701,3701,3701,3701,3701,3701,3701,3701,3701,4.013885498046875,5.507354736328125,1.98431396484375,0.5235748291015625,88.4570083618164,2.2557373046875,10.623428344726563,7.925148010253906,1.5348358154296875,1.1895370483398438,1.8307418823242188,1.5403289794921875,34239672320,34583793664,13373628416,0
199,1743009802105,55724.482818603516,3720.0000000000005,0,1.2125,17271.216018676758,3701,3701,3701,3701,3701,3701,3701,3701,3701,3701,3701,3701,13.2235107421875,3.3145675659179688,4.009712219238281,2.9569320678710938,59.02755355834961,6.05718994140625,29.992340087890625,4.5922088623046875,1.3218994140625,0.430877685546875,3.1815338134765625,1.1798248291015625,34239672320,34583793664,13386838016,0
4,1743009802305,52910.1095123291,4650,0,1.21875,17279.16049194336,3701,3701,3701,3701,3701,3701,3701,3701,3701,3701,3701,3701,4.7824249267578125,1.13006591796875,6.882804870605469,0.3173065185546875,26.385902404785156,10.56890869140625,7.309577941894531,4.484718322753906,0.815155029296875,0.42537689208984375,8.488121032714844,1.0120010375976563,34239672320,34583793664,13368197120,0
