Delta,Time,CORE0_ENERGY (J),CORE0_FREQ (MHZ),CORE0_PSTATE,CORE0_VOLT (V),CPU_ENERGY (J),CPU_FREQUENCY_0,CPU_FREQUENCY_1,CPU_FREQUENCY_10,CPU_FREQUENCY_11,CPU_FREQUENCY_2,CPU_FREQUENCY_3,CPU_FREQUENCY_4,CPU_FREQUENCY_5,CPU_FREQUENCY_6,CPU_FREQUENCY_7,CPU_FREQUENCY_8,CPU_FREQUENCY_9,CPU_USAGE_0,CPU_USAGE_1,CPU_USAGE_10,CPU_USAGE_11,CPU_USAGE_2,CPU_USAGE_3,CPU_USAGE_4,CPU_USAGE_5,CPU_USAGE_6,CPU_USAGE_7,CPU_USAGE_8,CPU_USAGE_9,TOTAL_MEMORY,TOTAL_SWAP,USED_MEMORY,USED_SWAP
0,1743010013727,54089.18307495117,4650,0,1.2,24303.900360107422,3701,3701,3701,3701,3701,3701,3701,3701,3701,3701,3701,3701,38.91316223144531,25.0732421875,7.934806823730469,0,25.004249572753906,18.930160522460938,75.75763702392578,13.10003662109375,15.46368408203125,3.6994476318359375,38.975154876708984,5.714141845703125,34239672320,34583793664,13361778688,0
191,1743010013736,54089.24465942383,4650,0,1.20625,24304.583267211914,3701,3701,3701,3701,3701,3701,3701,3701,3701,3701,3701,3701,65.99981689453125,2.828277587890625,19.528900146484375,7.1828155517578125,40.26481246948242,37.93819046020508,29.36365509033203,21.283935546875,7.1432952880859375,4.5886383056640625,32.017120361328125,5.482505798339844,34239672320,34583793664,13360992256,0
200,1743010013927,55964.210525512695,4650,0,1.20625,24313.668045043945,3701,3701,3701,3701,3701,3701,3701,3701,3701,3701,3701,3701,5.48858642578125,5.500396728515625,1.87310791015625,0.356048583984375,38.18449401855469,8.140434265136719,55.75913619995117,5.259269714355469,2.0547714233398438,0.5923385620117188,3.2207260131835938,1.2871170043945313,34239672320,34583793664,13374631936,0
200,1743010014128,55964.904846191406,3720.0000000000005,0,1.2,24323.11117553711,3701,3701,3701,3701,3701,3701,3701,3701,3701,3701,3701,3701,11.859992980957031,2.314117431640625,1.3541183471679688,0.3697662353515625,66.80615997314453,4.2735443115234375,18.88471221923828,10.317550659179688,0.6612625122070313,1.2237472534179688,4.7699432373046875,1.113037109375,34239672320,34583793664,13381562368,0
4,1743010014328,54092.14237976074,4650,0,1.1875,24331.113998413086,3701,3701,3701,3701,3701,3701,3701,3701,3701,3701,3701,3701,11.544723510742188,1.7801437377929688,4.602203369140625,0.6536178588867188,36.61776351928711,4.237236022949219,8.343009948730469,2.7871475219726563,0.83892822265625,0.5883865356445313,0.7921218872070313,1.4256668090820313,34239672320,34583793664,13362675712,0
