Delta,Time,CORE0_ENERGY (J),CORE0_FREQ (MHZ),CORE0_PSTATE,CORE0_VOLT (V),CPU_ENERGY (J),CPU_FREQUENCY_0,CPU_FREQUENCY_1,CPU_FREQUENCY_10,CPU_FREQUENCY_11,CPU_FREQUENCY_2,CPU_FREQUENCY_3,CPU_FREQUENCY_4,CPU_FREQUENCY_5,CPU_FREQUENCY_6,CPU_FREQUENCY_7,CPU_FREQUENCY_8,CPU_FREQUENCY_9,CPU_USAGE_0,CPU_USAGE_1,CPU_USAGE_10,CPU_USAGE_11,CPU_USAGE_2,CPU_USAGE_3,CPU_USAGE_4,CPU_USAGE_5,CPU_USAGE_6,CPU_USAGE_7,CPU_USAGE_8,CPU_USAGE_9,TOTAL_MEMORY,TOTAL_SWAP,USED_MEMORY,USED_SWAP
0,1743009441199,55314.91972351074,4650,0,1.2,5227.828109741211,3701,3701,3701,3701,3701,3701,3701,3701,3701,3701,3701,3701,25.240737915039063,48.171592712402344,7.589622497558594,11.277435302734375,53.41032791137695,11.49542236328125,93.83430480957031,18.012100219726563,6.8326568603515625,4.61376953125,14.274284362792969,20.762962341308594,34239672320,34583793664,13611937792,0
191,1743009441209,53404.97784423828,4650,0,1.21875,5228.550750732422,3701,3701,3701,3701,3701,3701,3701,3701,3701,3701,3701,3701,27.18901824951172,25.206153869628906,11.191963195800781,31.441314697265625,66.78092193603516,19.102340698242188,25.175247192382813,32.80817413330078,48.260868072509766,16.190208435058594,56.9417724609375,8.933761596679688,34239672320,34583793664,13612449792,0
199,1743009441400,55315.55255126953,4650,0,1.2,5237.879913330078,3701,3701,3701,3701,3701,3701,3701,3701,3701,3701,3701,3701,11.119117736816406,11.845611572265625,0.5319366455078125,4.566337585449219,74.67070770263672,3.945098876953125,13.611122131347656,10.074180603027344,2.6127548217773438,3.782928466796875,5.85443115234375,0.9959640502929688,34239672320,34583793664,13629067264,0
199,1743009441600,55316.248443603516,3720.0000000000005,0,1.2125,5247.809585571289,3701,3701,3701,3701,3701,3701,3701,3701,3701,3701,3701,3701,22.502296447753906,11.09954833984375,3.4412689208984375,1.9242019653320313,55.13673782348633,16.12859344482422,10.671821594238281,25.035682678222656,5.496452331542969,1.092437744140625,9.872932434082031,1.54754638671875,34239672320,34583793664,13644283904,0
4,1743009441800,27647.877182006836,4650,0,1.2,5255.894760131836,3701,3701,3701,3701,3701,3701,3701,3701,3701,3701,3701,3701,14.429351806640625,3.0993881225585938,0.5111007690429688,1.6293716430664063,35.51079559326172,4.7270050048828125,4.8848114013671875,3.0042648315429688,3.4254379272460938,0.5971755981445313,1.4341812133789063,1.356353759765625,34239672320,34583793664,13607657472,0
