Delta,Time,CORE0_ENERGY (J),CORE0_FREQ (MHZ),CORE0_PSTATE,CORE0_VOLT (V),CPU_ENERGY (J),CPU_FREQUENCY_0,CPU_FREQUENCY_1,CPU_FREQUENCY_10,CPU_FREQUENCY_11,CPU_FREQUENCY_2,CPU_FREQUENCY_3,CPU_FREQUENCY_4,CPU_FREQUENCY_5,CPU_FREQUENCY_6,CPU_FREQUENCY_7,CPU_FREQUENCY_8,CPU_FREQUENCY_9,CPU_USAGE_0,CPU_USAGE_1,CPU_USAGE_10,CPU_USAGE_11,CPU_USAGE_2,CPU_USAGE_3,CPU_USAGE_4,CPU_USAGE_5,CPU_USAGE_6,CPU_USAGE_7,CPU_USAGE_8,CPU_USAGE_9,TOTAL_MEMORY,TOTAL_SWAP,USED_MEMORY,USED_SWAP
0,1743009950119,55888.66062927246,4650,0,1.2125,22195.28483581543,3701,3701,3701,3701,3701,3701,3701,3701,3701,3701,3701,3701,87.67112731933594,9.779403686523438,8.326942443847656,28.943588256835938,42.81122970581055,40.963008880615234,29.666412353515625,14.848823547363281,32.9580078125,8.414955139160156,34.60466003417969,4.603813171386719,34239672320,34583793664,13364527104,0
200,1743009950119,54017.76138305664,3720.0000000000005,0,1.20625,22195.67640686035,3701,3701,3701,3701,3701,3701,3701,3701,3701,3701,3701,3701,18.824371337890625,0.588531494140625,8.762229919433594,0,43.48546600341797,5.8238677978515625,97.77444458007813,0,3.498321533203125,12.820510864257813,78.60723876953125,0,34239672320,34583793664,13364256768,0
200,1743009950320,54018.940368652344,4650,0,1.21875,22205.191513061523,3701,3701,3701,3701,3701,3701,3701,3701,3701,3701,3701,3701,19.84673309326172,2.5587310791015625,1.6773147583007813,1.1902923583984375,58.829166412353516,4.03619384765625,31.064979553222656,10.573760986328125,4.761863708496094,1.22802734375,5.4617462158203125,2.3800735473632813,34239672320,34583793664,13386792960,0
200,1743009950520,54020.03358459473,3720.0000000000005,0,1.21875,22214.932174682617,3701,3701,3701,3701,3701,3701,3701,3701,3701,3701,3701,3701,16.860580444335938,1.369384765625,1.4249267578125,0.3584442138671875,54.139896392822266,2.1547470092773438,36.95363998413086,23.09576416015625,0.742462158203125,0.8157882690429688,5.5895233154296875,1.8440093994140625,34239672320,34583793664,13395775488,0
4,1743009950720,6029.961639404297,4650,0,1.2,22222.777603149414,3701,3701,3701,3701,3701,3701,3701,3701,3701,3701,3701,3701,12.291664123535156,2.2900466918945313,1.7432403564453125,0.5115280151367188,36.224910736083984,2.55364990234375,6.2571258544921875,2.6534805297851563,2.9562606811523438,1.7253036499023438,3.2421035766601563,1.1026992797851563,34239672320,34583793664,13361225728,0
