Delta,Time,CORE0_ENERGY (J),CORE0_FREQ (MHZ),CORE0_PSTATE,CORE0_VOLT (V),CPU_ENERGY (J),CPU_FREQUENCY_0,CPU_FREQUENCY_1,CPU_FREQUENCY_10,CPU_FREQUENCY_11,CPU_FREQUENCY_2,CPU_FREQUENCY_3,CPU_FREQUENCY_4,CPU_FREQUENCY_5,CPU_FREQUENCY_6,CPU_FREQUENCY_7,CPU_FREQUENCY_8,CPU_FREQUENCY_9,CPU_USAGE_0,CPU_USAGE_1,CPU_USAGE_10,CPU_USAGE_11,CPU_USAGE_2,CPU_USAGE_3,CPU_USAGE_4,CPU_USAGE_5,CPU_USAGE_6,CPU_USAGE_7,CPU_USAGE_8,CPU_USAGE_9,TOTAL_MEMORY,TOTAL_SWAP,USED_MEMORY,USED_SWAP
0,1743010098545,54187.9817199707,4650,0,1.21875,27095.822036743164,3701,3701,3701,3701,3701,3701,3701,3701,3701,3701,3701,3701,81.24066162109375,23.72270965576172,22.297012329101563,6.5980072021484375,34.734649658203125,23.657455444335938,33.944175720214844,82.93107604980469,24.589500427246094,0,30.129150390625,14.92169189453125,34239672320,34583793664,13369942016,0
199,1743010098546,54187.99819946289,4650,0,1.20625,27095.986862182617,3701,3701,3701,3701,3701,3701,3701,3701,3701,3701,3701,3701,18.82453155517578,19.587013244628906,17.749557495117188,22.626937866210938,96.7925796508789,18.217041015625,100,18.83953094482422,18.484535217285156,18.984527587890625,100,17.7945556640625,34239672320,34583793664,13371703296,0
200,1743010098746,56061.095458984375,4650,0,1.2,27105.512466430664,3701,3701,3701,3701,3701,3701,3701,3701,3701,3701,3701,3701,6.2226104736328125,2.150146484375,2.99212646484375,1.709564208984375,78.05370330810547,3.0476455688476563,16.770034790039063,8.396133422851563,0.31183624267578125,0.293975830078125,4.8574371337890625,0.8412857055664063,34239672320,34583793664,13380055040,0
199,1743010098946,54190.69856262207,4650,0,1.2,27115.05113220215,3701,3701,3701,3701,3701,3701,3701,3701,3701,3701,3701,3701,21.412307739257813,1.9476699829101563,0.5799331665039063,1.7023544311523438,60.18740463256836,4.55438232421875,20.5718994140625,8.978294372558594,0.9277725219726563,1.2601470947265625,4.1406097412109375,1.9421005249023438,34239672320,34583793664,13399281664,0
4,1743010099146,54190.92088317871,4650,0,1.2125,27121.864135742188,3701,3701,3701,3701,3701,3701,3701,3701,3701,3701,3701,3701,6.8627471923828125,1.8591690063476563,0.21453857421875,1.7089614868164063,3.054931640625,3.611236572265625,14.615226745605469,2.4963226318359375,3.027984619140625,0.51605224609375,1.228485107421875,0.984130859375,34239672320,34583793664,13369229312,0
