Delta,Time,CORE0_ENERGY (J),CORE0_FREQ (MHZ),CORE0_PSTATE,CORE0_VOLT (V),CPU_ENERGY (J),CPU_FREQUENCY_0,CPU_FREQUENCY_1,CPU_FREQUENCY_10,CPU_FREQUENCY_11,CPU_FREQUENCY_2,CPU_FREQUENCY_3,CPU_FREQUENCY_4,CPU_FREQUENCY_5,CPU_FREQUENCY_6,CPU_FREQUENCY_7,CPU_FREQUENCY_8,CPU_FREQUENCY_9,CPU_USAGE_0,CPU_USAGE_1,CPU_USAGE_10,CPU_USAGE_11,CPU_USAGE_2,CPU_USAGE_3,CPU_USAGE_4,CPU_USAGE_5,CPU_USAGE_6,CPU_USAGE_7,CPU_USAGE_8,CPU_USAGE_9,TOTAL_MEMORY,TOTAL_SWAP,USED_MEMORY,USED_SWAP
0,1743009271572,55087.22407531738,4650,0,1.2,64880.9772644043,3701,3701,3701,3701,3701,3701,3701,3701,3701,3701,3701,3701,77.8197250366211,3.890228271484375,9.012847900390625,1.6945419311523438,51.728302001953125,12.94586181640625,43.53895568847656,34.03163146972656,17.429466247558594,2.6159896850585938,23.805404663085938,3.3481979370117188,34239672320,34583793664,13357359104,0
190,1743009271581,53168.65089416504,4650,0,1.2,64881.671310424805,3701,3701,3701,3701,3701,3701,3701,3701,3701,3701,3701,3701,75.6429672241211,4.056854248046875,5.645538330078125,0,42.26396942138672,22.847824096679688,22.522369384765625,17.066802978515625,16.887420654296875,0.31334686279296875,4.735771179199219,22.420188903808594,34239672320,34583793664,13357731840,0
200,1743009271772,55088.10104370117,3720.0000000000005,0,1.2,64890.901596069336,3701,3701,3701,3701,3701,3701,3701,3701,3701,3701,3701,3701,6.92364501953125,5.32147216796875,4.431846618652344,0.19707489013671875,63.94760513305664,4.013374328613281,31.192710876464844,7.604484558105469,4.697700500488281,0.336151123046875,1.7966461181640625,3.6832656860351563,34239672320,34583793664,13366284288,0
200,1743009271972,5735.092758178711,3720.0000000000005,0,1.20625,64900.784271240234,3701,3701,3701,3701,3701,3701,3701,3701,3701,3701,3701,3701,8.803619384765625,16.415672302246094,1.7103805541992188,1.2476272583007813,81.66515350341797,4.2600860595703125,20.068710327148438,8.589073181152344,3.8494415283203125,1.3322601318359375,4.395637512207031,5.4992218017578125,34239672320,34583793664,13381480448,0
4,1743009272173,53171.94470214844,4650,0,1.1625,64908.65155029297,3701,3701,3701,3701,3701,3701,3701,3701,3701,3701,3701,3701,9.740966796875,2.3520584106445313,1.5626754760742188,0.2072906494140625,14.684112548828125,24.76435089111328,5.975349426269531,3.9167327880859375,0.1565704345703125,4.052764892578125,0.709228515625,2.9181137084960938,34239672320,34583793664,13351624704,0
