Delta,Time,CORE0_ENERGY (J),CORE0_FREQ (MHZ),CORE0_PSTATE,CORE0_VOLT (V),CPU_ENERGY (J),CPU_FREQUENCY_0,CPU_FREQUENCY_1,CPU_FREQUENCY_10,CPU_FREQUENCY_11,CPU_FREQUENCY_2,CPU_FREQUENCY_3,CPU_FREQUENCY_4,CPU_FREQUENCY_5,CPU_FREQUENCY_6,CPU_FREQUENCY_7,CPU_FREQUENCY_8,CPU_FREQUENCY_9,CPU_USAGE_0,CPU_USAGE_1,CPU_USAGE_10,CPU_USAGE_11,CPU_USAGE_2,CPU_USAGE_3,CPU_USAGE_4,CPU_USAGE_5,CPU_USAGE_6,CPU_USAGE_7,CPU_USAGE_8,CPU_USAGE_9,TOTAL_MEMORY,TOTAL_SWAP,USED_MEMORY,USED_SWAP
0,1743010331779,28518.887084960938,4650,0,1.20625,34709.626068115234,3701,3701,3701,3701,3701,3701,3701,3701,3701,3701,3701,3701,78.48877716064453,0.509918212890625,15.422164916992188,1.21435546875,43.073341369628906,10.284774780273438,34.18744659423828,33.205780029296875,38.76582717895508,11.366424560546875,17.212791442871094,3.1486053466796875,34239672320,34583793664,13365075968,0
199,1743010331779,54470.92529296875,4650,0,1.2125,34709.96746826172,3701,3701,3701,3701,3701,3701,3701,3701,3701,3701,3701,3701,96.26882934570313,0.8315582275390625,18.65418243408203,5.470939636230469,46.32882308959961,28.76616668701172,19.5390625,55.84088897705078,2.2746963500976563,35.82355499267578,27.757965087890625,2.7096405029296875,34239672320,34583793664,13365149696,0
200,1743010331979,54472.51403808594,4650,0,1.20625,34719.21940612793,3701,3701,3701,3701,3701,3701,3701,3701,3701,3701,3701,3701,5.522315979003906,2.4074630737304688,0.201446533203125,1.2806472778320313,90.51091003417969,2.5432510375976563,4.638214111328125,8.824836730957031,0.5726089477539063,0.8767547607421875,2.466583251953125,0.7280502319335938,34239672320,34583793664,13380497408,0
199,1743010332180,54473.694107055664,4650,0,1.2125,34728.93818664551,3701,3701,3701,3701,3701,3701,3701,3701,3701,3701,3701,3701,18.43970489501953,1.6905441284179688,0.406036376953125,1.5171890258789063,58.30244064331055,6.3070526123046875,21.45745849609375,9.52142333984375,4.127410888671875,0.6694412231445313,10.634368896484375,1.6417083740234375,34239672320,34583793664,13388636160,0
4,1743010332380,54474.02735900879,3720.0000000000005,0,1.20625,34736.25828552246,3701,3701,3701,3701,3701,3701,3701,3701,3701,3701,3701,3701,6.2803497314453125,3.0579071044921875,0.51959228515625,2.1662216186523438,13.1510009765625,4.383720397949219,7.5820159912109375,2.6543197631835938,3.1962509155273438,1.2327499389648438,1.6348876953125,7.96136474609375,34239672320,34583793664,13357875200,0
