Delta,Time,CORE0_ENERGY (J),CORE0_FREQ (MHZ),CORE0_PSTATE,CORE0_VOLT (V),CPU_ENERGY (J),CPU_FREQUENCY_0,CPU_FREQUENCY_1,CPU_FREQUENCY_10,CPU_FREQUENCY_11,CPU_FREQUENCY_2,CPU_FREQUENCY_3,CPU_FREQUENCY_4,CPU_FREQUENCY_5,CPU_FREQUENCY_6,CPU_FREQUENCY_7,CPU_FREQUENCY_8,CPU_FREQUENCY_9,CPU_USAGE_0,CPU_USAGE_1,CPU_USAGE_10,CPU_USAGE_11,CPU_USAGE_2,CPU_USAGE_3,CPU_USAGE_4,CPU_USAGE_5,CPU_USAGE_6,CPU_USAGE_7,CPU_USAGE_8,CPU_USAGE_9,TOTAL_MEMORY,TOTAL_SWAP,USED_MEMORY,USED_SWAP
0,1743009250332,53142.38415527344,4650,0,1.20625,64183.18876647949,3701,3701,3701,3701,3701,3701,3701,3701,3701,3701,3701,3701,81.24984741210938,4.9583740234375,14.601791381835938,5.52587890625,33.16527557373047,21.957679748535156,30.776092529296875,43.41286087036133,32.85527038574219,8.685905456542969,41.33284378051758,4.744209289550781,34239672320,34583793664,13351608320,0
190,1743009250341,53142.44871520996,4650,0,1.2125,64183.9236907959,3701,3701,3701,3701,3701,3701,3701,3701,3701,3701,3701,3701,37.585411071777344,1.0055770874023438,2.9651565551757813,0,44.02912139892578,18.87384796142578,65.6087646484375,6.395179748535156,26.2442626953125,0,8.476852416992188,1.1534500122070313,34239672320,34583793664,13360992256,0
199,1743009250532,55064.90603637695,3720.0000000000005,0,1.20625,64193.093826293945,3701,3701,3701,3701,3701,3701,3701,3701,3701,3701,3701,3701,10.626663208007813,3.4811248779296875,1.5800704956054688,0.4209136962890625,63.38062286376953,4.7807769775390625,25.121322631835938,20.731956481933594,4.895881652832031,0.6171951293945313,2.0433197021484375,1.205291748046875,34239672320,34583793664,13380292608,0
199,1743009250732,55065.83564758301,3720.0000000000005,0,1.20625,64202.99940490723,3701,3701,3701,3701,3701,3701,3701,3701,3701,3701,3701,3701,13.011009216308594,2.7802963256835938,2.233001708984375,0.42763519287109375,55.47209930419922,8.385665893554688,36.2540397644043,8.640571594238281,6.3430938720703125,1.271820068359375,2.2229537963867188,4.0303192138671875,34239672320,34583793664,13382766592,0
4,1743009250932,27427.92823791504,4650,0,1.2,64210.77000427246,3701,3701,3701,3701,3701,3701,3701,3701,3701,3701,3701,3701,7.16253662109375,2.693023681640625,1.7428512573242188,0.14130401611328125,20.786949157714844,2.9027481079101563,10.208786010742188,3.5236358642578125,0.661773681640625,0.16469573974609375,4.450721740722656,0.44734954833984375,34239672320,34583793664,13357268992,0
