Delta,Time,CORE0_ENERGY (J),CORE0_FREQ (MHZ),CORE0_PSTATE,CORE0_VOLT (V),CPU_ENERGY (J),CPU_FREQUENCY_0,CPU_FREQUENCY_1,CPU_FREQUENCY_10,CPU_FREQUENCY_11,CPU_FREQUENCY_2,CPU_FREQUENCY_3,CPU_FREQUENCY_4,CPU_FREQUENCY_5,CPU_FREQUENCY_6,CPU_FREQUENCY_7,CPU_FREQUENCY_8,CPU_FREQUENCY_9,CPU_USAGE_0,CPU_USAGE_1,CPU_USAGE_10,CPU_USAGE_11,CPU_USAGE_2,CPU_USAGE_3,CPU_USAGE_4,CPU_USAGE_5,CPU_USAGE_6,CPU_USAGE_7,CPU_USAGE_8,CPU_USAGE_9,TOTAL_MEMORY,TOTAL_SWAP,USED_MEMORY,USED_SWAP
0,1743010162157,56133.054443359375,4650,0,1.2,29181.518829345703,3701,3701,3701,3701,3701,3701,3701,3701,3701,3701,3701,3701,27.911598205566406,3.3616561889648438,13.573211669921875,4.33782958984375,12.135040283203125,56.39069366455078,0,74.72041320800781,0,0,11.218833923339844,0,34239672320,34583793664,13361893376,0
190,1743010162167,54263.66979980469,4650,0,1.2,29182.272079467773,3701,3701,3701,3701,3701,3701,3701,3701,3701,3701,3701,3701,23.063018798828125,26.311485290527344,7.1053466796875,2.5098190307617188,15.458839416503906,21.940826416015625,61.6325569152832,26.59825897216797,30.361923217773438,0.5728378295898438,50.06190872192383,6.7950897216796875,34239672320,34583793664,13361864704,0
199,1743010162358,54265.07063293457,4650,0,1.20625,29191.265258789063,3701,3701,3701,3701,3701,3701,3701,3701,3701,3701,3701,3701,5.216957092285156,2.9252090454101563,0.36647796630859375,1.402801513671875,78.28378295898438,4.37823486328125,15.055374145507813,10.013038635253906,1.9188003540039063,0.74224853515625,1.4210205078125,4.22088623046875,34239672320,34583793664,13384429568,0
199,1743010162558,28355.15216064453,4650,0,1.19375,29201.111572265625,3701,3701,3701,3701,3701,3701,3701,3701,3701,3701,3701,3701,20.08783721923828,4.398262023925781,1.349395751953125,2.09857177734375,71.75236511230469,5.935302734375,19.48199462890625,26.455963134765625,2.2079315185546875,3.113067626953125,4.300483703613281,2.4561996459960938,34239672320,34583793664,13399371776,0
4,1743010162758,54267.1201171875,3720.0000000000005,0,1.18125,29209.045455932617,3701,3701,3701,3701,3701,3701,3701,3701,3701,3701,3701,3701,3.021331787109375,3.9740829467773438,0.1285552978515625,1.388763427734375,23.649574279785156,6.001960754394531,16.71258544921875,1.8546981811523438,0.1760406494140625,0.6378097534179688,0.8077239990234375,7.574745178222656,34239672320,34583793664,13364183040,0
