Delta,Time,CORE0_ENERGY (J),CORE0_FREQ (MHZ),CORE0_PSTATE,CORE0_VOLT (V),CPU_ENERGY (J),CPU_FREQUENCY_0,CPU_FREQUENCY_1,CPU_FREQUENCY_10,CPU_FREQUENCY_11,CPU_FREQUENCY_2,CPU_FREQUENCY_3,CPU_FREQUENCY_4,CPU_FREQUENCY_5,CPU_FREQUENCY_6,CPU_FREQUENCY_7,CPU_FREQUENCY_8,CPU_FREQUENCY_9,CPU_USAGE_0,CPU_USAGE_1,CPU_USAGE_10,CPU_USAGE_11,CPU_USAGE_2,CPU_USAGE_3,CPU_USAGE_4,CPU_USAGE_5,CPU_USAGE_6,CPU_USAGE_7,CPU_USAGE_8,CPU_USAGE_9,TOTAL_MEMORY,TOTAL_SWAP,USED_MEMORY,USED_SWAP
0,1743010204553,6117.430557250977,4650,0,1.2,30558.100982666016,3701,3701,3701,3701,3701,3701,3701,3701,3701,3701,3701,3701,23.635841369628906,17.362754821777344,12.521385192871094,1.2878570556640625,21.776954650878906,12.996673583984375,9.241958618164063,100,14.528495788574219,1.0157089233398438,42.80500411987305,2.2812118530273438,34239672320,34583793664,13360152576,0
199,1743010204553,28395.14210510254,4650,0,1.20625,30558.411193847656,3701,3701,3701,3701,3701,3701,3701,3701,3701,3701,3701,3701,54.75125503540039,0,0,0,15.741737365722656,56.62527084350586,68.52651977539063,53.35198974609375,0,0,98.86309814453125,0,34239672320,34583793664,13364031488,0
199,1743010204753,54316.56466674805,4650,0,1.20625,30567.983627319336,3701,3701,3701,3701,3701,3701,3701,3701,3701,3701,3701,3701,6.67608642578125,5.322540283203125,1.0401458740234375,2.114349365234375,77.84193420410156,4.878623962402344,16.74687957763672,12.961349487304688,4.0937347412109375,1.3228836059570313,7.660896301269531,1.7421722412109375,34239672320,34583793664,13375434752,0
200,1743010204953,56179.93832397461,4650,0,1.2,30577.54899597168,3701,3701,3701,3701,3701,3701,3701,3701,3701,3701,3701,3701,6.562286376953125,4.69146728515625,0.47478485107421875,1.6340560913085938,88.70249938964844,3.299224853515625,7.028129577636719,13.764411926269531,1.085205078125,3.971923828125,1.6814956665039063,1.41986083984375,34239672320,34583793664,13390913536,0
4,1743010205153,56180.20411682129,4650,0,1.2,30585.226593017578,3701,3701,3701,3701,3701,3701,3701,3701,3701,3701,3701,3701,10.847549438476563,1.6891021728515625,3.0495834350585938,4.5341949462890625,31.54529571533203,2.4099807739257813,6.213104248046875,2.61297607421875,0.322723388671875,0.5190277099609375,0.719024658203125,0.8380584716796875,34239672320,34583793664,13365596160,0
