Delta,Time,CORE0_ENERGY (J),CORE0_FREQ (MHZ),CORE0_PSTATE,CORE0_VOLT (V),CPU_ENERGY (J),CPU_FREQUENCY_0,CPU_FREQUENCY_1,CPU_FREQUENCY_10,CPU_FREQUENCY_11,CPU_FREQUENCY_2,CPU_FREQUENCY_3,CPU_FREQUENCY_4,CPU_FREQUENCY_5,CPU_FREQUENCY_6,CPU_FREQUENCY_7,CPU_FREQUENCY_8,CPU_FREQUENCY_9,CPU_USAGE_0,CPU_USAGE_1,CPU_USAGE_10,CPU_USAGE_11,CPU_USAGE_2,CPU_USAGE_3,CPU_USAGE_4,CPU_USAGE_5,CPU_USAGE_6,CPU_USAGE_7,CPU_USAGE_8,CPU_USAGE_9,TOTAL_MEMORY,TOTAL_SWAP,USED_MEMORY,USED_SWAP
0,1743009738098,55651.60346984863,4650,0,1.1875,15142.596130371094,3701,3701,3701,3701,3701,3701,3701,3701,3701,3701,3701,3701,80.66322326660156,12.193855285644531,21.290634155273438,2.383697509765625,40.41385269165039,46.704349517822266,34.67224884033203,7.7781524658203125,27.8619384765625,2.3437118530273438,17.500160217285156,6.561309814453125,34239672320,34583793664,13369401344,0
190,1743009738108,53763.9129486084,4650,0,1.2,15143.335052490234,3701,3701,3701,3701,3701,3701,3701,3701,3701,3701,3701,3701,10.703155517578125,15.173980712890625,2.6681671142578125,0,55.241485595703125,14.128654479980469,74.80781555175781,0,35.858009338378906,0,15.943496704101563,0,34239672320,34583793664,13369315328,0
199,1743009738298,55652.61801147461,4650,0,1.2,15152.578964233398,3701,3701,3701,3701,3701,3701,3701,3701,3701,3701,3701,3701,13.549018859863281,3.1499710083007813,2.7408676147460938,0.499420166015625,55.49021911621094,7.246315002441406,36.00259017944336,11.861923217773438,4.476524353027344,0.7259521484375,4.907966613769531,4.689117431640625,34239672320,34583793664,13391060992,0
199,1743009738499,53766.219467163086,4650,0,1.2125,15162.042434692383,3701,3701,3701,3701,3701,3701,3701,3701,3701,3701,3701,3701,10.551467895507813,1.7404937744140625,1.7710800170898438,0.3224639892578125,59.92790222167969,3.5084762573242188,16.424583435058594,31.564002990722656,0.91937255859375,0.6183929443359375,2.0580673217773438,1.7225570678710938,34239672320,34583793664,13396094976,0
4,1743009738699,55654.15133666992,4650,0,1.2,15170.24526977539,3701,3701,3701,3701,3701,3701,3701,3701,3701,3701,3701,3701,12.849525451660156,4.955802917480469,2.2525711059570313,0.9987030029296875,28.142967224121094,7.917045593261719,27.184776306152344,9.35931396484375,0.9299774169921875,2.9572982788085938,1.3230438232421875,1.86669921875,34239672320,34583793664,13372432384,0
