Delta,Time,CORE0_ENERGY (J),CORE0_FREQ (MHZ),CORE0_PSTATE,CORE0_VOLT (V),CPU_ENERGY (J),CPU_FREQUENCY_0,CPU_FREQUENCY_1,CPU_FREQUENCY_10,CPU_FREQUENCY_11,CPU_FREQUENCY_2,CPU_FREQUENCY_3,CPU_FREQUENCY_4,CPU_FREQUENCY_5,CPU_FREQUENCY_6,CPU_FREQUENCY_7,CPU_FREQUENCY_8,CPU_FREQUENCY_9,CPU_USAGE_0,CPU_USAGE_1,CPU_USAGE_10,CPU_USAGE_11,CPU_USAGE_2,CPU_USAGE_3,CPU_USAGE_4,CPU_USAGE_5,CPU_USAGE_6,CPU_USAGE_7,CPU_USAGE_8,CPU_USAGE_9,TOTAL_MEMORY,TOTAL_SWAP,USED_MEMORY,USED_SWAP
0,1743009589618,27795.276657104492,4650,0,1.2125,10193.812774658203,3701,3701,3701,3701,3701,3701,3701,3701,3701,3701,3701,3701,89.14752197265625,1.1274948120117188,3.5060501098632813,30.40057373046875,50.20759963989258,25.399986267089844,31.85332489013672,8.631103515625,6.8049468994140625,17.249496459960938,5.513008117675781,32.2176513671875,34239672320,34583793664,13376659456,0
190,1743009589628,53584.38626098633,4650,0,1.2,10194.560531616211,3701,3701,3701,3701,3701,3701,3701,3701,3701,3701,3701,3701,31.290382385253906,0,0,27.653831481933594,38.34934997558594,20.176162719726563,53.72926712036133,23.012115478515625,17.421157836914063,0,9.031036376953125,0,34239672320,34583793664,13376577536,0
199,1743009589818,55483.37226867676,4650,0,1.19375,10203.585159301758,3701,3701,3701,3701,3701,3701,3701,3701,3701,3701,3701,3701,5.432037353515625,1.9475784301757813,0.6224822998046875,2.1697006225585938,79.20536804199219,2.8153076171875,17.69036865234375,8.426979064941406,1.0640716552734375,1.2187576293945313,5.81610107421875,1.170257568359375,34239672320,34583793664,13387972608,0
199,1743009590018,55484.05418395996,3720.0000000000005,0,1.20625,10213.253402709961,3701,3701,3701,3701,3701,3701,3701,3701,3701,3701,3701,3701,8.883071899414063,1.8365554809570313,0.5745620727539063,1.92022705078125,68.73977661132813,2.4475555419921875,19.88835906982422,8.475807189941406,3.8352584838867188,0.3966217041015625,11.698310852050781,1.3009262084960938,34239672320,34583793664,13401616384,0
4,1743009590218,5893.417175292969,4650,0,1.2,10220.906021118164,3701,3701,3701,3701,3701,3701,3701,3701,3701,3701,3701,3701,4.919410705566406,1.0038375854492188,0.7526016235351563,1.7590866088867188,32.4202880859375,2.0505142211914063,13.644371032714844,2.4300155639648438,0.61663818359375,0.42308807373046875,2.9152374267578125,1.156646728515625,34239672320,34583793664,13382148096,0
