Delta,Time,CORE0_ENERGY (J),CORE0_FREQ (MHZ),CORE0_PSTATE,CORE0_VOLT (V),CPU_ENERGY (J),CPU_FREQUENCY_0,CPU_FREQUENCY_1,CPU_FREQUENCY_10,CPU_FREQUENCY_11,CPU_FREQUENCY_2,CPU_FREQUENCY_3,CPU_FREQUENCY_4,CPU_FREQUENCY_5,CPU_FREQUENCY_6,CPU_FREQUENCY_7,CPU_FREQUENCY_8,CPU_FREQUENCY_9,CPU_USAGE_0,CPU_USAGE_1,CPU_USAGE_10,CPU_USAGE_11,CPU_USAGE_2,CPU_USAGE_3,CPU_USAGE_4,CPU_USAGE_5,CPU_USAGE_6,CPU_USAGE_7,CPU_USAGE_8,CPU_USAGE_9,TOTAL_MEMORY,TOTAL_SWAP,USED_MEMORY,USED_SWAP
0,1743009292776,55110.835388183594,4650,0,1.2,44.50926208496094,3701,3701,3701,3701,3701,3701,3701,3701,3701,3701,3701,3701,79.30450439453125,8.469627380371094,2.852386474609375,18.103797912597656,41.978023529052734,14.417961120605469,14.626327514648438,47.27177429199219,34.527374267578125,1.7430191040039063,16.84600830078125,3.8618545532226563,34239672320,34583793664,13340774400,0
190,1743009292785,53194.9609375,4650,0,1.20625,45.20051574707031,3701,3701,3701,3701,3701,3701,3701,3701,3701,3701,3701,3701,41.185264587402344,5.596923828125,8.767356872558594,14.450889587402344,56.88863754272461,10.067955017089844,68.84715270996094,25.373077392578125,26.407188415527344,3.93731689453125,8.351348876953125,7.927192687988281,34239672320,34583793664,13351800832,0
200,1743009292976,53196.15312194824,4650,0,1.20625,54.50831604003906,3701,3701,3701,3701,3701,3701,3701,3701,3701,3701,3701,3701,6.4569854736328125,5.458808898925781,4.8558807373046875,0.80523681640625,60.374786376953125,5.917488098144531,39.61663055419922,8.387527465820313,4.28411865234375,1.3840713500976563,3.1986770629882813,9.969123840332031,34239672320,34583793664,13362421760,0
200,1743009293176,27469.407424926758,3720.0000000000005,0,1.2,64.11598205566406,3701,3701,3701,3701,3701,3701,3701,3701,3701,3701,3701,3701,20.09447479248047,2.3179092407226563,1.6014862060546875,0.6220703125,63.69957733154297,2.9626617431640625,14.508514404296875,8.372955322265625,1.947784423828125,0.2264251708984375,4.426734924316406,3.2000732421875,34239672320,34583793664,13381935104,0
4,1743009293377,52524.81332397461,4650,0,1.21875,71.32196044921875,3701,3701,3701,3701,3701,3701,3701,3701,3701,3701,3701,3701,6.115730285644531,1.9666290283203125,3.7135086059570313,3.0039291381835938,11.898193359375,1.21099853515625,2.2086944580078125,3.0208587646484375,0.2200927734375,0.6463546752929688,3.5274734497070313,0.8615570068359375,34239672320,34583793664,13352763392,0
