Delta,Time,CORE0_ENERGY (J),CORE0_FREQ (MHZ),CORE0_PSTATE,CORE0_VOLT (V),CPU_ENERGY (J),CPU_FREQUENCY_0,CPU_FREQUENCY_1,CPU_FREQUENCY_10,CPU_FREQUENCY_11,CPU_FREQUENCY_2,CPU_FREQUENCY_3,CPU_FREQUENCY_4,CPU_FREQUENCY_5,CPU_FREQUENCY_6,CPU_FREQUENCY_7,CPU_FREQUENCY_8,CPU_FREQUENCY_9,CPU_USAGE_0,CPU_USAGE_1,CPU_USAGE_10,CPU_USAGE_11,CPU_USAGE_2,CPU_USAGE_3,CPU_USAGE_4,CPU_USAGE_5,CPU_USAGE_6,CPU_USAGE_7,CPU_USAGE_8,CPU_USAGE_9,TOTAL_MEMORY,TOTAL_SWAP,USED_MEMORY,USED_SWAP
0,1743009313970,27489.31509399414,4650,0,1.2,750.6611938476563,3701,3701,3701,3701,3701,3701,3701,3701,3701,3701,3701,3701,88.36469268798828,5.924919128417969,12.794288635253906,4.1132659912109375,32.89427947998047,9.75274658203125,26.113082885742188,65.25497436523438,10.573585510253906,8.311973571777344,19.868194580078125,16.472137451171875,34239672320,34583793664,13345640448,0
199,1743009313970,53220.219818115234,4650,0,1.20625,751.0077209472656,3701,3701,3701,3701,3701,3701,3701,3701,3701,3701,3701,3701,50.68531799316406,9.55450439453125,32.98193359375,6.643348693847656,45.102840423583984,9.481224060058594,25.654090881347656,64.2884521484375,21.532180786132813,27.735862731933594,86.48680114746094,4.285118103027344,34239672320,34583793664,13347348480,0
200,1743009314170,55134.47627258301,4650,0,1.2,760.5837860107422,3701,3701,3701,3701,3701,3701,3701,3701,3701,3701,3701,3701,8.659355163574219,6.4259490966796875,1.2286529541015625,1.9861221313476563,80.5994873046875,3.5908355712890625,9.568878173828125,16.436172485351563,5.1233978271484375,2.2128753662109375,5.565093994140625,2.1768798828125,34239672320,34583793664,13366296576,0
200,1743009314370,55135.03707885742,3720.0000000000005,0,1.2,770.2486114501953,3701,3701,3701,3701,3701,3701,3701,3701,3701,3701,3701,3701,14.356765747070313,3.0130157470703125,0.03560638427734375,1.4350738525390625,81.39595031738281,3.0892715454101563,8.724693298339844,10.895103454589844,1.1403884887695313,0.4040985107421875,6.342094421386719,1.54168701171875,34239672320,34583793664,13384183808,0
4,1743009314571,53223.873794555664,4650,0,1.2,778.3116455078125,3701,3701,3701,3701,3701,3701,3701,3701,3701,3701,3701,3701,10.754104614257813,1.4720382690429688,0.81011962890625,4.945930480957031,28.74559783935547,5.257171630859375,4.277259826660156,20.931869506835938,0.7025070190429688,1.2112808227539063,1.16839599609375,1.15484619140625,34239672320,34583793664,13362278400,0
