Delta,Time,CORE0_ENERGY (J),CORE0_FREQ (MHZ),CORE0_PSTATE,CORE0_VOLT (V),CPU_ENERGY (J),CPU_FREQUENCY_0,CPU_FREQUENCY_1,CPU_FREQUENCY_10,CPU_FREQUENCY_11,CPU_FREQUENCY_2,CPU_FREQUENCY_3,CPU_FREQUENCY_4,CPU_FREQUENCY_5,CPU_FREQUENCY_6,CPU_FREQUENCY_7,CPU_FREQUENCY_8,CPU_FREQUENCY_9,CPU_USAGE_0,CPU_USAGE_1,CPU_USAGE_10,CPU_USAGE_11,CPU_USAGE_2,CPU_USAGE_3,CPU_USAGE_4,CPU_USAGE_5,CPU_USAGE_6,CPU_USAGE_7,CPU_USAGE_8,CPU_USAGE_9,TOTAL_MEMORY,TOTAL_SWAP,USED_MEMORY,USED_SWAP
0,1743010140955,54238.131103515625,4650,0,1.19375,28492.422943115234,3701,3701,3701,3701,3701,3701,3701,3701,3701,3701,3701,3701,44.57590103149414,2.2536163330078125,4.9811859130859375,4.9511566162109375,24.892898559570313,21.124359130859375,20.820571899414063,17.490440368652344,5.10980224609375,6.369483947753906,12.129905700683594,5.091285705566406,34239672320,34583793664,13364039680,0
199,1743010140955,56110.92269897461,3720.0000000000005,0,1.2,28492.70997619629,3701,3701,3701,3701,3701,3701,3701,3701,3701,3701,3701,3701,26.75591278076172,40.0646858215332,12.968673706054688,24.045143127441406,58.73163986206055,43.859092712402344,52.37984085083008,25.34551239013672,20.150711059570313,14.103996276855469,91.56260681152344,11.403228759765625,34239672320,34583793664,13363732480,0
200,1743010141155,56111.63682556152,4650,0,1.20625,28502.080291748047,3701,3701,3701,3701,3701,3701,3701,3701,3701,3701,3701,3701,6.1102142333984375,2.7737655639648438,0.27300262451171875,1.436737060546875,74.63420104980469,3.3302154541015625,23.37688446044922,7.0191802978515625,2.7240371704101563,0.40555572509765625,1.642181396484375,0.7076950073242188,34239672320,34583793664,13386047488,0
200,1743010141355,54240.98957824707,4650,0,1.20625,28511.75991821289,3701,3701,3701,3701,3701,3701,3701,3701,3701,3701,3701,3701,17.405731201171875,2.88690185546875,0.7631912231445313,1.7693862915039063,74.91121673583984,6.5102996826171875,10.869735717773438,10.63421630859375,4.439277648925781,1.9204254150390625,9.40887451171875,3.6493911743164063,34239672320,34583793664,13396111360,0
4,1743010141555,54241.27445983887,3720.0000000000005,0,1.2125,28519.041580200195,3701,3701,3701,3701,3701,3701,3701,3701,3701,3701,3701,3701,4.207206726074219,2.2613372802734375,0.16278076171875,1.545745849609375,5.1567535400390625,4.628532409667969,12.222747802734375,16.405120849609375,2.72174072265625,0.5394210815429688,1.4569320678710938,0.5378189086914063,34239672320,34583793664,13374447616,0
