Delta,Time,CORE0_ENERGY (J),CORE0_FREQ (MHZ),CORE0_PSTATE,CORE0_VOLT (V),CPU_ENERGY (J),CPU_FREQUENCY_0,CPU_FREQUENCY_1,CPU_FREQUENCY_10,CPU_FREQUENCY_11,CPU_FREQUENCY_2,CPU_FREQUENCY_3,CPU_FREQUENCY_4,CPU_FREQUENCY_5,CPU_FREQUENCY_6,CPU_FREQUENCY_7,CPU_FREQUENCY_8,CPU_FREQUENCY_9,CPU_USAGE_0,CPU_USAGE_1,CPU_USAGE_10,CPU_USAGE_11,CPU_USAGE_2,CPU_USAGE_3,CPU_USAGE_4,CPU_USAGE_5,CPU_USAGE_6,CPU_USAGE_7,CPU_USAGE_8,CPU_USAGE_9,TOTAL_MEMORY,TOTAL_SWAP,USED_MEMORY,USED_SWAP
0,1743009504821,53484.3494720459,4650,0,1.2,7375.973602294922,3701,3701,3701,3701,3701,3701,3701,3701,3701,3701,3701,3701,79.8665542602539,6.894172668457031,17.559043884277344,7.509590148925781,43.104923248291016,22.216064453125,10.784866333007813,62.59931182861328,26.20948028564453,12.349327087402344,29.394760131835938,7.272331237792969,34239672320,34583793664,13380431872,0
190,1743009504830,53484.409927368164,4650,0,1.2,7376.736068725586,3701,3701,3701,3701,3701,3701,3701,3701,3701,3701,3701,3701,13.063819885253906,0.7948226928710938,34.60211181640625,0,52.29231262207031,0.7294464111328125,60.28390121459961,11.843620300292969,2.5467529296875,17.353836059570313,22.283493041992188,0,34239672320,34583793664,13379993600,0
200,1743009505021,55389.712158203125,3720.0000000000005,0,1.2125,7385.780456542969,3701,3701,3701,3701,3701,3701,3701,3701,3701,3701,3701,3701,4.008331298828125,3.4985275268554688,1.142120361328125,1.7002029418945313,66.84090423583984,3.7507247924804688,28.466896057128906,8.644607543945313,6.0081787109375,0.9658279418945313,0.9019927978515625,2.365814208984375,34239672320,34583793664,13402333184,0
200,1743009505221,55390.60159301758,3720.0000000000005,0,1.2125,7395.6171875,3701,3701,3701,3701,3701,3701,3701,3701,3701,3701,3701,3701,19.288116455078125,3.6993789672851563,2.6079940795898438,1.8734664916992188,53.56657791137695,7.961181640625,33.31169128417969,8.029258728027344,2.1674346923828125,5.833198547363281,3.8992538452148438,2.2162322998046875,34239672320,34583793664,13404315648,0
4,1743009505422,27713.67498779297,4650,0,1.2,7402.591171264648,3701,3701,3701,3701,3701,3701,3701,3701,3701,3701,3701,3701,16.659286499023438,0.7142257690429688,0.14832305908203125,1.3798599243164063,6.2313385009765625,2.4355392456054688,5.270347595214844,2.9553451538085938,0.43793487548828125,0.23987579345703125,0.8011398315429688,0.7304916381835938,34239672320,34583793664,13384896512,0
