Delta,Time,CORE0_ENERGY (J),CORE0_FREQ (MHZ),CORE0_PSTATE,CORE0_VOLT (V),CPU_ENERGY (J),CPU_FREQUENCY_0,CPU_FREQUENCY_1,CPU_FREQUENCY_10,CPU_FREQUENCY_11,CPU_FREQUENCY_2,CPU_FREQUENCY_3,CPU_FREQUENCY_4,CPU_FREQUENCY_5,CPU_FREQUENCY_6,CPU_FREQUENCY_7,CPU_FREQUENCY_8,CPU_FREQUENCY_9,CPU_USAGE_0,CPU_USAGE_1,CPU_USAGE_10,CPU_USAGE_11,CPU_USAGE_2,CPU_USAGE_3,CPU_USAGE_4,CPU_USAGE_5,CPU_USAGE_6,CPU_USAGE_7,CPU_USAGE_8,CPU_USAGE_9,TOTAL_MEMORY,TOTAL_SWAP,USED_MEMORY,USED_SWAP
0,1743009229131,27404.646453857422,4650,0,1.19375,63475.3957824707,3701,3701,3701,3701,3701,3701,3701,3701,3701,3701,3701,3701,42.75331497192383,20.582168579101563,24.28069305419922,6.319557189941406,40.77913284301758,48.99928283691406,77.63079833984375,34.62946319580078,18.747901916503906,8.737998962402344,31.335227966308594,11.320877075195313,34239672320,34583793664,13389955072,0
191,1743009229139,53115.27626037598,3720.0000000000005,0,1.20625,63476.19969177246,3701,3701,3701,3701,3701,3701,3701,3701,3701,3701,3701,3701,56.09745407104492,23.280258178710938,6.834358215332031,2.2249679565429688,21.7603759765625,26.766189575195313,30.515426635742188,18.178627014160156,27.343276977539063,8.462486267089844,74.10200500488281,1.7824630737304688,34239672320,34583793664,13398491136,0
200,1743009229331,53116.41426086426,4650,0,1.2,63486.82353210449,3701,3701,3701,3701,3701,3701,3701,3701,3701,3701,3701,3701,22.336524963378906,21.744361877441406,2.709259033203125,1.0737533569335938,37.203678131103516,24.6907958984375,29.63262939453125,32.615211486816406,5.770904541015625,3.6868209838867188,10.297080993652344,10.065505981445313,34239672320,34583793664,13408481280,0
199,1743009229532,55042.282791137695,4650,0,1.2,63496.857345581055,3701,3701,3701,3701,3701,3701,3701,3701,3701,3701,3701,3701,8.852668762207031,6.147918701171875,3.1848297119140625,0.717437744140625,64.6560287475586,8.841133117675781,18.11810302734375,30.403152465820313,6.289947509765625,1.408905029296875,9.81207275390625,1.9993972778320313,34239672320,34583793664,13423484928,0
4,1743009229732,53118.66361999512,4650,0,1.20625,63505.59364318848,3701,3701,3701,3701,3701,3701,3701,3701,3701,3701,3701,3701,13.932975769042969,4.913810729980469,4.946800231933594,1.0126953125,45.16981506347656,7.596000671386719,6.008079528808594,12.993865966796875,1.2756118774414063,2.2016830444335938,2.09771728515625,3.9240646362304688,34239672320,34583793664,13387206656,0
