Delta,Time,CORE0_ENERGY (J),CORE0_FREQ (MHZ),CORE0_PSTATE,CORE0_VOLT (V),CPU_ENERGY (J),CPU_FREQUENCY_0,CPU_FREQUENCY_1,CPU_FREQUENCY_10,CPU_FREQUENCY_11,CPU_FREQUENCY_2,CPU_FREQUENCY_3,CPU_FREQUENCY_4,CPU_FREQUENCY_5,CPU_FREQUENCY_6,CPU_FREQUENCY_7,CPU_FREQUENCY_8,CPU_FREQUENCY_9,CPU_USAGE_0,CPU_USAGE_1,CPU_USAGE_10,CPU_USAGE_11,CPU_USAGE_2,CPU_USAGE_3,CPU_USAGE_4,CPU_USAGE_5,CPU_USAGE_6,CPU_USAGE_7,CPU_USAGE_8,CPU_USAGE_9,TOTAL_MEMORY,TOTAL_SWAP,USED_MEMORY,USED_SWAP
0,1743010077336,54163.098403930664,4650,0,1.19375,26395.744857788086,3701,3701,3701,3701,3701,3701,3701,3701,3701,3701,3701,3701,42.04694366455078,19.571304321289063,10.58831787109375,6.8067779541015625,87.40909576416016,2.0025787353515625,35.91465759277344,37.32273864746094,8.419387817382813,0.6490402221679688,23.3701171875,1.4871673583984375,34239672320,34583793664,13358678016,0
191,1743010077345,54163.15963745117,4650,0,1.20625,26396.434692382813,3701,3701,3701,3701,3701,3701,3701,3701,3701,3701,3701,3701,16.076560974121094,6.860748291015625,5.349449157714844,23.816932678222656,47.71473693847656,18.163856506347656,67.09541320800781,16.071983337402344,7.6923065185546875,0.9330215454101563,19.22809600830078,1.8988571166992188,34239672320,34583793664,13362425856,0
200,1743010077536,28270.066680908203,4650,0,1.2,26405.575653076172,3701,3701,3701,3701,3701,3701,3701,3701,3701,3701,3701,3701,9.900848388671875,2.2292404174804688,3.3863906860351563,4.352012634277344,59.42183303833008,4.67919921875,33.07866668701172,11.35943603515625,0.7791748046875,0.9558029174804688,2.4019699096679688,1.2719802856445313,34239672320,34583793664,13376385024,0
199,1743010077737,56035.58039855957,4650,0,1.20625,26415.330795288086,3701,3701,3701,3701,3701,3701,3701,3701,3701,3701,3701,3701,16.345108032226563,3.872589111328125,0.6634368896484375,1.8958587646484375,70.80400085449219,3.18914794921875,14.728981018066406,18.276885986328125,3.3480987548828125,1.7154083251953125,1.9637603759765625,2.1176681518554688,34239672320,34583793664,13386203136,0
4,1743010077937,56035.80938720703,4650,0,1.18125,26422.215591430664,3701,3701,3701,3701,3701,3701,3701,3701,3701,3701,3701,3701,6.131355285644531,1.6817550659179688,0.27928924560546875,1.532562255859375,14.899696350097656,0.7804031372070313,4.8564910888671875,3.6594467163085938,1.299652099609375,0.4057464599609375,0.7914505004882813,0.5805282592773438,34239672320,34583793664,13356249088,0
