Delta,Time,CORE0_ENERGY (J),CORE0_FREQ (MHZ),CORE0_PSTATE,CORE0_VOLT (V),CPU_ENERGY (J),CPU_FREQUENCY_0,CPU_FREQUENCY_1,CPU_FREQUENCY_10,CPU_FREQUENCY_11,CPU_FREQUENCY_2,CPU_FREQUENCY_3,CPU_FREQUENCY_4,CPU_FREQUENCY_5,CPU_FREQUENCY_6,CPU_FREQUENCY_7,CPU_FREQUENCY_8,CPU_FREQUENCY_9,CPU_USAGE_0,CPU_USAGE_1,CPU_USAGE_10,CPU_USAGE_11,CPU_USAGE_2,CPU_USAGE_3,CPU_USAGE_4,CPU_USAGE_5,CPU_USAGE_6,CPU_USAGE_7,CPU_USAGE_8,CPU_USAGE_9,TOTAL_MEMORY,TOTAL_SWAP,USED_MEMORY,USED_SWAP
0,1743009886514,6004.156784057617,4650,0,1.19375,20078.75421142578,3701,3701,3701,3701,3701,3701,3701,3701,3701,3701,3701,3701,19.381019592285156,43.29341506958008,9.1846923828125,0,46.74217224121094,17.86956787109375,10.946060180664063,92.04885864257813,31.595626831054688,0,76.85333251953125,0,34239672320,34583793664,13357146112,0
191,1743009886523,53941.15544128418,3720.0000000000005,0,1.20625,20079.499130249023,3701,3701,3701,3701,3701,3701,3701,3701,3701,3701,3701,3701,46.847740173339844,31.730010986328125,17.035316467285156,0,23.093887329101563,26.99547576904297,92.98140716552734,53.08011245727539,5.2526702880859375,0,13.724830627441406,3.6654739379882813,34239672320,34583793664,13363019776,0
199,1743009886714,55819.259216308594,4650,0,1.19375,20088.565490722656,3701,3701,3701,3701,3701,3701,3701,3701,3701,3701,3701,3701,7.496788024902344,1.7825698852539063,4.321662902832031,0.2325592041015625,67.4207763671875,2.7533721923828125,29.89965057373047,6.0116424560546875,0.6745147705078125,0.6130294799804688,0.7247314453125,1.0775222778320313,34239672320,34583793664,13365542912,0
199,1743009886914,28085.94970703125,3720.0000000000005,0,1.21875,20098.065032958984,3701,3701,3701,3701,3701,3701,3701,3701,3701,3701,3701,3701,12.443313598632813,2.1000289916992188,1.8380279541015625,0.097320556640625,78.1241455078125,0.8015899658203125,10.783950805664063,9.985359191894531,3.8258438110351563,0.40383148193359375,0.9611129760742188,1.1310501098632813,34239672320,34583793664,13384306688,0
4,1743009887115,52978.201400756836,4650,0,1.21875,20105.95704650879,3701,3701,3701,3701,3701,3701,3701,3701,3701,3701,3701,3701,9.105781555175781,2.218170166015625,4.598960876464844,0.16136932373046875,20.019271850585938,1.9359054565429688,14.20318603515625,4.618896484375,3.30438232421875,0.8578567504882813,3.9857406616210938,4.409782409667969,34239672320,34583793664,13354942464,0
