Delta,Time,CORE0_ENERGY (J),CORE0_FREQ (MHZ),CORE0_PSTATE,CORE0_VOLT (V),CPU_ENERGY (J),CPU_FREQUENCY_0,CPU_FREQUENCY_1,CPU_FREQUENCY_10,CPU_FREQUENCY_11,CPU_FREQUENCY_2,CPU_FREQUENCY_3,CPU_FREQUENCY_4,CPU_FREQUENCY_5,CPU_FREQUENCY_6,CPU_FREQUENCY_7,CPU_FREQUENCY_8,CPU_FREQUENCY_9,CPU_USAGE_0,CPU_USAGE_1,CPU_USAGE_10,CPU_USAGE_11,CPU_USAGE_2,CPU_USAGE_3,CPU_USAGE_4,CPU_USAGE_5,CPU_USAGE_6,CPU_USAGE_7,CPU_USAGE_8,CPU_USAGE_9,TOTAL_MEMORY,TOTAL_SWAP,USED_MEMORY,USED_SWAP
0,1743009547222,27754.138565063477,4650,0,1.2,8782.66000366211,3701,3701,3701,3701,3701,3701,3701,3701,3701,3701,3701,3701,47.82210159301758,28.750083923339844,18.894554138183594,12.7574462890625,33.90571594238281,60.15047073364258,93.36715698242188,45.22845458984375,26.513031005859375,18.58544921875,15.52606201171875,57.17689895629883,34239672320,34583793664,13369819136,0
191,1743009547231,53533.470611572266,4650,0,1.2,8783.390579223633,3701,3701,3701,3701,3701,3701,3701,3701,3701,3701,3701,3701,22.038711547851563,17.749588012695313,11.465118408203125,6.0359039306640625,66.92832946777344,18.969009399414063,56.77254104614258,24.671722412109375,27.81848907470703,5.682319641113281,6.6395721435546875,56.61992645263672,34239672320,34583793664,13379952640,0
199,1743009547422,55437.459075927734,3720.0000000000005,0,1.2,8792.914169311523,3701,3701,3701,3701,3701,3701,3701,3701,3701,3701,3701,3701,7.647468566894531,16.0484619140625,0.6881484985351563,1.3247146606445313,59.80792999267578,6.265708923339844,43.33639144897461,5.772941589355469,1.1729049682617188,0.19164276123046875,0.9865646362304688,11.54302978515625,34239672320,34583793664,13389066240,0
200,1743009547623,53535.709228515625,4650,0,1.2125,8802.858169555664,3701,3701,3701,3701,3701,3701,3701,3701,3701,3701,3701,3701,20.16027069091797,4.774314880371094,1.0760421752929688,2.2249603271484375,47.953277587890625,7.176383972167969,53.199684143066406,21.519607543945313,3.0137100219726563,1.3741683959960938,5.1607513427734375,2.0929489135742188,34239672320,34583793664,13408768000,0
4,1743009547823,55438.99464416504,4650,0,1.2,8809.951751708984,3701,3701,3701,3701,3701,3701,3701,3701,3701,3701,3701,3701,7.0017852783203125,3.9437255859375,0.500030517578125,1.6353302001953125,2.835357666015625,4.176422119140625,16.445846557617188,4.559906005859375,0.8260879516601563,0.5509109497070313,1.1372528076171875,0.975921630859375,34239672320,34583793664,13378084864,0
