Delta,Time,CORE0_ENERGY (J),CORE0_FREQ (MHZ),CORE0_PSTATE,CORE0_VOLT (V),CPU_ENERGY (J),CPU_FREQUENCY_0,CPU_FREQUENCY_1,CPU_FREQUENCY_10,CPU_FREQUENCY_11,CPU_FREQUENCY_2,CPU_FREQUENCY_3,CPU_FREQUENCY_4,CPU_FREQUENCY_5,CPU_FREQUENCY_6,CPU_FREQUENCY_7,CPU_FREQUENCY_8,CPU_FREQUENCY_9,CPU_USAGE_0,CPU_USAGE_1,CPU_USAGE_10,CPU_USAGE_11,CPU_USAGE_2,CPU_USAGE_3,CPU_USAGE_4,CPU_USAGE_5,CPU_USAGE_6,CPU_USAGE_7,CPU_USAGE_8,CPU_USAGE_9,TOTAL_MEMORY,TOTAL_SWAP,USED_MEMORY,USED_SWAP
0,1743003160285,49494.109298706055,4650,0,1.23125,59898.28518676758,3701,3701,3701,3701,3701,3701,3701,3701,3701,3701,3701,3701,27.503799438476563,35.996681213378906,5.3031768798828125,10.438583374023438,18.660560607910156,23.773269653320313,79.20671844482422,33.15239715576172,13.797050476074219,9.222709655761719,41.29344940185547,12.708488464355469,34239672320,34583793664,13539184640,0
199,1743003160286,49494.15336608887,4650,0,1.2375,59898.80824279785,3701,3701,3701,3701,3701,3701,3701,3701,3701,3701,3701,3701,36.85022735595703,45.184749603271484,22.374473571777344,12.962593078613281,50.208614349365234,30.366073608398438,60.913612365722656,41.366844177246094,97.9052963256836,5.9526214599609375,19.596778869628906,100,34239672320,34583793664,13539274752,0
200,1743003160486,37878.50114440918,3720.0000000000005,0,1.23125,59912.02767944336,3701,3701,3701,3701,3701,3701,3701,3701,3701,3701,3701,3701,59.20849609375,11.966827392578125,5.465721130371094,2.8185882568359375,42.02439498901367,6.674324035644531,61.82129669189453,26.749664306640625,4.816459655761719,1.3913192749023438,4.5835113525390625,8.206710815429688,34239672320,34583793664,13545545728,0
200,1743003160686,15471.550872802734,4650,0,1.2375,59925.64653015137,3701,3701,3701,3701,3701,3701,3701,3701,3701,3701,3701,3701,43.54698944091797,12.738243103027344,8.765876770019531,3.71551513671875,63.72168731689453,12.453025817871094,30.1617431640625,62.47339630126953,10.390205383300781,7.7419891357421875,20.6544189453125,9.055564880371094,34239672320,34583793664,13559791616,0
4,1743003160887,33754.208435058594,3720.0000000000005,0,1.2375,59938.90734863281,3701,3701,3701,3701,3701,3701,3701,3701,3701,3701,3701,3701,17.135780334472656,11.277801513671875,1.3423385620117188,5.602256774902344,72.32356262207031,5.324974060058594,1.2542495727539063,75.4659423828125,13.241119384765625,1.4632568359375,10.152137756347656,3.2909164428710938,34239672320,34583793664,13546008576,0
