Delta,Time,CORE0_ENERGY (J),CORE0_FREQ (MHZ),CORE0_PSTATE,CORE0_VOLT (V),CPU_ENERGY (J),CPU_FREQUENCY_0,CPU_FREQUENCY_1,CPU_FREQUENCY_10,CPU_FREQUENCY_11,CPU_FREQUENCY_2,CPU_FREQUENCY_3,CPU_FREQUENCY_4,CPU_FREQUENCY_5,CPU_FREQUENCY_6,CPU_FREQUENCY_7,CPU_FREQUENCY_8,CPU_FREQUENCY_9,CPU_USAGE_0,CPU_USAGE_1,CPU_USAGE_10,CPU_USAGE_11,CPU_USAGE_2,CPU_USAGE_3,CPU_USAGE_4,CPU_USAGE_5,CPU_USAGE_6,CPU_USAGE_7,CPU_USAGE_8,CPU_USAGE_9,TOTAL_MEMORY,TOTAL_SWAP,USED_MEMORY,USED_SWAP
0,1743001488725,8395.14958190918,4650,0,1.2375,21675.847076416016,3701,3701,3701,3701,3701,3701,3701,3701,3701,3701,3701,3701,69.39933013916016,12.6533203125,32.4864501953125,9.655670166015625,77.10311889648438,18.747100830078125,63.21887969970703,23.085983276367188,19.02550506591797,19.215919494628906,89.87638092041016,14.659919738769531,34239672320,34583793664,16516526080,0
197,1743001488728,8395.193069458008,4650,0,1.2375,21676.429809570313,3701,3701,3701,3701,3701,3701,3701,3701,3701,3701,3701,3701,69.08849334716797,0,1.3980636596679688,0,100,0,93.95487213134766,0,1.68768310546875,1.4612579345703125,19.7532958984375,40.63084030151367,34239672320,34583793664,16515477504,0
200,1743001488925,28890.56526184082,4650,0,1.2375,21689.814086914063,3701,3701,3701,3701,3701,3701,3701,3701,3701,3701,3701,3701,60.603111267089844,12.019386291503906,3.0740280151367188,1.8492050170898438,79.78570556640625,10.363044738769531,54.5169563293457,9.487998962402344,6.347373962402344,2.1335983276367188,11.993690490722656,2.6104507446289063,34239672320,34583793664,16518561792,0
200,1743001489125,8398.107833862305,4650,0,1.23125,21703.349639892578,3701,3701,3701,3701,3701,3701,3701,3701,3701,3701,3701,3701,46.901580810546875,10.412025451660156,3.917938232421875,2.6113433837890625,74.52456665039063,4.220375061035156,63.47645950317383,2.6236648559570313,5.717567443847656,2.0417404174804688,18.961036682128906,5.251579284667969,34239672320,34583793664,16542347264,0
6,1743001489326,57814.8115234375,3700,1,1.2375,21718.004913330078,3701,3701,3701,3701,3701,3701,3701,3701,3701,3701,3701,3701,45.915985107421875,22.78326416015625,38.042327880859375,18.349639892578125,48.072265625,50.00739288330078,68.1624526977539,14.05731201171875,15.137550354003906,7.961112976074219,7.237419128417969,7.1264495849609375,34239672320,34583793664,16460230656,0
