Delta,Time,CORE0_ENERGY (J),CORE0_FREQ (MHZ),CORE0_PSTATE,CORE0_VOLT (V),CPU_ENERGY (J),CPU_FREQUENCY_0,CPU_FREQUENCY_1,CPU_FREQUENCY_10,CPU_FREQUENCY_11,CPU_FREQUENCY_2,CPU_FREQUENCY_3,CPU_FREQUENCY_4,CPU_FREQUENCY_5,CPU_FREQUENCY_6,CPU_FREQUENCY_7,CPU_FREQUENCY_8,CPU_FREQUENCY_9,CPU_USAGE_0,CPU_USAGE_1,CPU_USAGE_10,CPU_USAGE_11,CPU_USAGE_2,CPU_USAGE_3,CPU_USAGE_4,CPU_USAGE_5,CPU_USAGE_6,CPU_USAGE_7,CPU_USAGE_8,CPU_USAGE_9,TOTAL_MEMORY,TOTAL_SWAP,USED_MEMORY,USED_SWAP
0,1743002797932,36123.80058288574,4650,0,1.2375,38732.35252380371,3701,3701,3701,3701,3701,3701,3701,3701,3701,3701,3701,3701,41.60273742675781,25.494178771972656,7.5886077880859375,65.37751770019531,100,26.99267578125,34.5806884765625,34.29949951171875,11.395156860351563,2.5695343017578125,40.992591857910156,3.7354965209960938,34239672320,34583793664,13454839808,0
200,1743002797932,14243.887603759766,4650,0,1.23125,38732.73777770996,3701,3701,3701,3701,3701,3701,3701,3701,3701,3701,3701,3701,70.59009552001953,24.54351806640625,48.26236343383789,18.067771911621094,100,47.845863342285156,88.05644226074219,31.672332763671875,95.88997650146484,18.9107666015625,56.74729919433594,24.07703399658203,34239672320,34583793664,13454184448,0
199,1743002798133,36125.298248291016,4650,0,1.24375,38746.26022338867,3701,3701,3701,3701,3701,3701,3701,3701,3701,3701,3701,3701,51.37250900268555,12.384613037109375,6.381156921386719,1.8294601440429688,92.2286148071289,2.2823104858398438,35.274513244628906,20.507423400878906,4.9239959716796875,10.58648681640625,14.405754089355469,3.8459930419921875,34239672320,34583793664,13460324352,0
200,1743002798333,14246.628875732422,3720.0000000000005,0,1.25,38759.73466491699,3701,3701,3701,3701,3701,3701,3701,3701,3701,3701,3701,3701,44.87127685546875,6.780250549316406,6.0909271240234375,0.7556381225585938,50.78870391845703,7.388359069824219,91.83897399902344,3.9347763061523438,14.757736206054688,2.8063583374023438,4.843650817871094,5.449859619140625,34239672320,34583793664,13479886848,0
4,1743002798533,32221.212829589844,3720.0000000000005,0,1.2375,38772.79432678223,3701,3701,3701,3701,3701,3701,3701,3701,3701,3701,3701,3701,20.899574279785156,3.293060302734375,2.2514266967773438,0.8371658325195313,47.615142822265625,39.97978591918945,72.20213317871094,11.151817321777344,3.6859664916992188,0.9835891723632813,2.9514617919921875,4.934669494628906,34239672320,34583793664,13445607424,0
