Delta,Time,CORE0_ENERGY (J),CORE0_FREQ (MHZ),CORE0_PSTATE,CORE0_VOLT (V),CPU_ENERGY (J),CPU_FREQUENCY_0,CPU_FREQUENCY_1,CPU_FREQUENCY_10,CPU_FREQUENCY_11,CPU_FREQUENCY_2,CPU_FREQUENCY_3,CPU_FREQUENCY_4,CPU_FREQUENCY_5,CPU_FREQUENCY_6,CPU_FREQUENCY_7,CPU_FREQUENCY_8,CPU_FREQUENCY_9,CPU_USAGE_0,CPU_USAGE_1,CPU_USAGE_10,CPU_USAGE_11,CPU_USAGE_2,CPU_USAGE_3,CPU_USAGE_4,CPU_USAGE_5,CPU_USAGE_6,CPU_USAGE_7,CPU_USAGE_8,CPU_USAGE_9,TOTAL_MEMORY,TOTAL_SWAP,USED_MEMORY,USED_SWAP
0,1743003394254,16265.920272827148,4575,0,1.21875,8053.612564086914,3701,3701,3701,3701,3701,3701,3701,3701,3701,3701,3701,3701,42.739986419677734,45.422889709472656,11.034156799316406,14.974784851074219,74.65512084960938,17.86223602294922,22.572540283203125,100,78.41594696044922,0,40.97136306762695,1.8209457397460938,34239672320,34583793664,13161672704,0
199,1743003394254,34802.86535644531,4475,0,1.175,8054.619216918945,3701,3701,3701,3701,3701,3701,3701,3701,3701,3701,3701,3701,69.14111328125,28.128509521484375,35.35181427001953,47.72583770751953,64.94438171386719,41.701927185058594,42.19199752807617,68.32176971435547,53.48509979248047,57.2125358581543,75.48583984375,67.72014617919922,34239672320,34583793664,13160636416,0
199,1743003394454,34804.54130554199,4650,0,1.23125,8068.39714050293,3701,3701,3701,3701,3701,3701,3701,3701,3701,3701,3701,3701,43.52302551269531,12.697044372558594,7.4489898681640625,3.41021728515625,67.91192626953125,12.411933898925781,10.978065490722656,80.49713897705078,23.88861083984375,11.42828369140625,29.25536346435547,17.490089416503906,34239672320,34583793664,13176397824,0
199,1743003394654,38952.06384277344,4625,0,1.24375,8082.636627197266,3701,3701,3701,3701,3701,3701,3701,3701,3701,3701,3701,3701,29.669898986816406,21.297645568847656,26.13024139404297,4.649757385253906,30.373931884765625,71.12522888183594,53.68360900878906,15.738029479980469,15.627738952636719,4.0106964111328125,16.891502380371094,7.891502380371094,34239672320,34583793664,13191987200,0
4,1743003394854,38953.950271606445,4650,0,1.25,8097.375778198242,3701,3701,3701,3701,3701,3701,3701,3701,3701,3701,3701,3701,32.199623107910156,23.6009521484375,42.29191970825195,1.604156494140625,23.81200408935547,59.08095169067383,66.22303009033203,18.2313232421875,25.769203186035156,9.377326965332031,16.933578491210938,16.24872589111328,34239672320,34583793664,13182758912,0
