Delta,Time,CORE0_ENERGY (J),CORE0_FREQ (MHZ),CORE0_PSTATE,CORE0_VOLT (V),CPU_ENERGY (J),CPU_FREQUENCY_0,CPU_FREQUENCY_1,CPU_FREQUENCY_10,CPU_FREQUENCY_11,CPU_FREQUENCY_2,CPU_FREQUENCY_3,CPU_FREQUENCY_4,CPU_FREQUENCY_5,CPU_FREQUENCY_6,CPU_FREQUENCY_7,CPU_FREQUENCY_8,CPU_FREQUENCY_9,CPU_USAGE_0,CPU_USAGE_1,CPU_USAGE_10,CPU_USAGE_11,CPU_USAGE_2,CPU_USAGE_3,CPU_USAGE_4,CPU_USAGE_5,CPU_USAGE_6,CPU_USAGE_7,CPU_USAGE_8,CPU_USAGE_9,TOTAL_MEMORY,TOTAL_SWAP,USED_MEMORY,USED_SWAP
0,1743003074854,15179.238388061523,4650,0,1.225,54897.51788330078,3701,3701,3701,3701,3701,3701,3701,3701,3701,3701,3701,3701,19.369155883789063,41.04673767089844,3.0362396240234375,18.051490783691406,100,0,58.81229782104492,22.711318969726563,10.33941650390625,0,74.6893310546875,0,34239672320,34583793664,13532368896,0
191,1743003074863,37456.50981140137,3720.0000000000005,0,1.2375,54898.48536682129,3701,3701,3701,3701,3701,3701,3701,3701,3701,3701,3701,3701,71.84696960449219,8.8387451171875,17.28974151611328,6.3347930908203125,77.88713836669922,47.80777359008789,25.53850555419922,35.03924560546875,14.694137573242188,4.8223876953125,49.18123245239258,17.123153686523438,34239672320,34583793664,13533208576,0
199,1743003075055,33391.97286987305,4650,0,1.225,54911.554458618164,3701,3701,3701,3701,3701,3701,3701,3701,3701,3701,3701,3701,43.89615249633789,6.056602478027344,1.52996826171875,3.872222900390625,74.40202331542969,6.0104522705078125,66.7091064453125,16.425155639648438,5.704887390136719,1.7944488525390625,4.989707946777344,7.701896667480469,34239672320,34583793664,13557080064,0
200,1743003075255,15181.504638671875,3720.0000000000005,0,1.2375,54925.01502990723,3701,3701,3701,3701,3701,3701,3701,3701,3701,3701,3701,3701,36.47412872314453,8.178329467773438,3.3646621704101563,3.5817489624023438,73.07994079589844,6.97564697265625,65.33018493652344,24.06897735595703,14.997909545898438,3.81158447265625,9.264472961425781,3.5509185791015625,34239672320,34583793664,13555789824,0
4,1743003075455,37460.84130859375,3720.0000000000005,0,1.225,54938.327575683594,3701,3701,3701,3701,3701,3701,3701,3701,3701,3701,3701,3701,22.483421325683594,4.224952697753906,0.7890853881835938,2.130401611328125,67.48711395263672,2.4309768676757813,68.50387573242188,2.7398300170898438,17.66350555419922,4.4296417236328125,12.910507202148438,2.6628875732421875,34239672320,34583793664,13536555008,0
