Delta,Time,CORE0_ENERGY (J),CORE0_FREQ (MHZ),CORE0_PSTATE,CORE0_VOLT (V),CPU_ENERGY (J),CPU_FREQUENCY_0,CPU_FREQUENCY_1,CPU_FREQUENCY_10,CPU_FREQUENCY_11,CPU_FREQUENCY_2,CPU_FREQUENCY_3,CPU_FREQUENCY_4,CPU_FREQUENCY_5,CPU_FREQUENCY_6,CPU_FREQUENCY_7,CPU_FREQUENCY_8,CPU_FREQUENCY_9,CPU_USAGE_0,CPU_USAGE_1,CPU_USAGE_10,CPU_USAGE_11,CPU_USAGE_2,CPU_USAGE_3,CPU_USAGE_4,CPU_USAGE_5,CPU_USAGE_6,CPU_USAGE_7,CPU_USAGE_8,CPU_USAGE_9,TOTAL_MEMORY,TOTAL_SWAP,USED_MEMORY,USED_SWAP
0,1743002776708,32132.46632385254,4650,0,1.225,37493.93307495117,3701,3701,3701,3701,3701,3701,3701,3701,3701,3701,3701,3701,91.86076354980469,1.4779891967773438,24.004623413085938,0,100,10.070930480957031,37.537105560302734,45.65821838378906,36.871543884277344,0.9986572265625,16.712181091308594,27.0955810546875,34239672320,34583793664,13456457728,0
199,1743002776708,14170.414306640625,4600,0,1.2125,37494.243896484375,3701,3701,3701,3701,3701,3701,3701,3701,3701,3701,3701,3701,87.93034362792969,9.480094909667969,22.348068237304688,14.624290466308594,100,37.85799789428711,95.56182098388672,11.672988891601563,34.14329528808594,5.201576232910156,31.08971405029297,28.1334228515625,34239672320,34583793664,13455675392,0
200,1743002776908,36017.15023803711,4650,0,1.24375,37507.66271972656,3701,3701,3701,3701,3701,3701,3701,3701,3701,3701,3701,3701,56.76060485839844,3.5201568603515625,2.7164382934570313,1.2028427124023438,80.02896118164063,2.9340438842773438,36.35559844970703,19.210182189941406,9.740676879882813,2.5450820922851563,16.766510009765625,4.085014343261719,34239672320,34583793664,13467996160,0
200,1743002777108,36018.387954711914,3720.0000000000005,0,1.23125,37521.25926208496,3701,3701,3701,3701,3701,3701,3701,3701,3701,3701,3701,3701,44.25046920776367,18.107566833496094,4.080680847167969,1.526885986328125,46.47493362426758,26.359695434570313,58.61857604980469,24.03607177734375,15.608467102050781,6.6829833984375,10.846488952636719,4.30401611328125,34239672320,34583793664,13482520576,0
5,1743002777309,32137.46253967285,4650,0,1.2375,37534.280364990234,3701,3701,3701,3701,3701,3701,3701,3701,3701,3701,3701,3701,24.5445556640625,4.600837707519531,2.5095291137695313,0.8361434936523438,18.769683837890625,67.13554382324219,72.675537109375,4.614936828613281,4.1345062255859375,1.4497756958007813,3.955230712890625,2.5284957885742188,34239672320,34583793664,13450846208,0
