Delta,Time,CORE0_ENERGY (J),CORE0_FREQ (MHZ),CORE0_PSTATE,CORE0_VOLT (V),CPU_ENERGY (J),CPU_FREQUENCY_0,CPU_FREQUENCY_1,CPU_FREQUENCY_10,CPU_FREQUENCY_11,CPU_FREQUENCY_2,CPU_FREQUENCY_3,CPU_FREQUENCY_4,CPU_FREQUENCY_5,CPU_FREQUENCY_6,CPU_FREQUENCY_7,CPU_FREQUENCY_8,CPU_FREQUENCY_9,CPU_USAGE_0,CPU_USAGE_1,CPU_USAGE_10,CPU_USAGE_11,CPU_USAGE_2,CPU_USAGE_3,CPU_USAGE_4,CPU_USAGE_5,CPU_USAGE_6,CPU_USAGE_7,CPU_USAGE_8,CPU_USAGE_9,TOTAL_MEMORY,TOTAL_SWAP,USED_MEMORY,USED_SWAP
0,1743002819140,32303.9063873291,4650,0,1.23125,39965.14212036133,3701,3701,3701,3701,3701,3701,3701,3701,3701,3701,3701,3701,38.75572204589844,35.99211120605469,17.12726593017578,5.978126525878906,88.07415771484375,6.634056091308594,18.030807495117188,43.98321533203125,13.214248657226563,14.740707397460938,40.26480484008789,7.683555603027344,34239672320,34583793664,13456736256,0
191,1743002819149,32303.99772644043,4650,0,1.23125,39966.12634277344,3701,3701,3701,3701,3701,3701,3701,3701,3701,3701,3701,3701,25.07292938232422,12.511436462402344,7.347480773925781,11.982765197753906,47.892730712890625,41.98268508911133,72.84835052490234,21.237693786621094,4.516410827636719,3.9095306396484375,21.18450927734375,0.6358184814453125,34239672320,34583793664,13456334848,0
200,1743002819340,36230.05014038086,4650,0,1.24375,39979.23213195801,3701,3701,3701,3701,3701,3701,3701,3701,3701,3701,3701,3701,37.881526947021484,18.38629150390625,4.534477233886719,2.764678955078125,8.376869201660156,99.9115219116211,58.91192626953125,14.375022888183594,4.9421234130859375,3.3108139038085938,34.422752380371094,8.159591674804688,34239672320,34583793664,13461876736,0
200,1743002819541,62388.11015319824,4650,0,1.21875,39992.75386047363,3701,3701,3701,3701,3701,3701,3701,3701,3701,3701,3701,3701,48.58588409423828,5.72998046875,2.8479766845703125,3.4421768188476563,35.973304748535156,27.909759521484375,14.8995361328125,57.95671463012695,5.966590881347656,10.67706298828125,8.066246032714844,2.6623382568359375,34239672320,34583793664,13481021440,0
4,1743002819741,36232.83819580078,4650,0,1.23125,40006.68688964844,3701,3701,3701,3701,3701,3701,3701,3701,3701,3701,3701,3701,22.19141387939453,19.210739135742188,6.138099670410156,4.336830139160156,76.19892883300781,6.018608093261719,14.63372802734375,72.50311279296875,16.881202697753906,11.356620788574219,18.32769775390625,2.7124557495117188,34239672320,34583793664,13450690560,0
