Delta,Time,CORE0_ENERGY (J),CORE0_FREQ (MHZ),CORE0_PSTATE,CORE0_VOLT (V),CPU_ENERGY (J),CPU_FREQUENCY_0,CPU_FREQUENCY_1,CPU_FREQUENCY_10,CPU_FREQUENCY_11,CPU_FREQUENCY_2,CPU_FREQUENCY_3,CPU_FREQUENCY_4,CPU_FREQUENCY_5,CPU_FREQUENCY_6,CPU_FREQUENCY_7,CPU_FREQUENCY_8,CPU_FREQUENCY_9,CPU_USAGE_0,CPU_USAGE_1,CPU_USAGE_10,CPU_USAGE_11,CPU_USAGE_2,CPU_USAGE_3,CPU_USAGE_4,CPU_USAGE_5,CPU_USAGE_6,CPU_USAGE_7,CPU_USAGE_8,CPU_USAGE_9,TOTAL_MEMORY,TOTAL_SWAP,USED_MEMORY,USED_SWAP
0,1743002533991,61569.740661621094,4625,0,1.20625,22384.508041381836,3701,3701,3701,3701,3701,3701,3701,3701,3701,3701,3701,3701,41.023048400878906,48.40024185180664,20.611412048339844,8.775588989257813,100,39.787017822265625,35.235267639160156,21.593551635742188,15.399063110351563,9.620040893554688,72.16023254394531,9.417877197265625,34239672320,34583793664,15399211008,0
199,1743002533991,13217.606048583984,4650,0,1.25,22385.399307250977,3701,3701,3701,3701,3701,3701,3701,3701,3701,3701,3701,3701,19.596397399902344,41.35786437988281,63.3381462097168,0,100,27.294631958007813,19.594627380371094,33.37083435058594,44.41767120361328,6.5935516357421875,56.28305435180664,27.922714233398438,34239672320,34583793664,15397560320,0
200,1743002534191,34584.29397583008,4650,0,1.2375,22398.23910522461,3701,3701,3701,3701,3701,3701,3701,3701,3701,3701,3701,3701,33.72450256347656,7.048492431640625,3.47637939453125,0.5676193237304688,78.0090560913086,8.470573425292969,17.455245971679688,47.271976470947266,3.1662673950195313,4.7370452880859375,4.860137939453125,13.265548706054688,34239672320,34583793664,15403995136,0
200,1743002534391,13219.792678833008,4650,0,1.25,22411.553451538086,3701,3701,3701,3701,3701,3701,3701,3701,3701,3701,3701,3701,31.679153442382813,13.257148742675781,1.9179840087890625,1.3078460693359375,72.02088928222656,12.779869079589844,43.124908447265625,26.48662567138672,7.904388427734375,5.567802429199219,8.359977722167969,3.5331649780273438,34239672320,34583793664,15424122880,0
5,1743002534592,34587.06628417969,3720.0000000000005,0,1.23125,22424.88134765625,3701,3701,3701,3701,3701,3701,3701,3701,3701,3701,3701,3701,32.739784240722656,12.435188293457031,2.766265869140625,4.224334716796875,56.0495719909668,32.57014465332031,58.13576126098633,6.6357879638671875,2.371673583984375,11.241134643554688,10.867561340332031,2.3242111206054688,34239672320,34583793664,15395934208,0
