Delta,Time,CORE0_ENERGY (J),CORE0_FREQ (MHZ),CORE0_PSTATE,CORE0_VOLT (V),CPU_ENERGY (J),CPU_FREQUENCY_0,CPU_FREQUENCY_1,CPU_FREQUENCY_10,CPU_FREQUENCY_11,CPU_FREQUENCY_2,CPU_FREQUENCY_3,CPU_FREQUENCY_4,CPU_FREQUENCY_5,CPU_FREQUENCY_6,CPU_FREQUENCY_7,CPU_FREQUENCY_8,CPU_FREQUENCY_9,CPU_USAGE_0,CPU_USAGE_1,CPU_USAGE_10,CPU_USAGE_11,CPU_USAGE_2,CPU_USAGE_3,CPU_USAGE_4,CPU_USAGE_5,CPU_USAGE_6,CPU_USAGE_7,CPU_USAGE_8,CPU_USAGE_9,TOTAL_MEMORY,TOTAL_SWAP,USED_MEMORY,USED_SWAP
0,1743002861552,36428.63410949707,4650,0,1.2375,42446.05740356445,3701,3701,3701,3701,3701,3701,3701,3701,3701,3701,3701,3701,40.159976959228516,4.441337585449219,44.96825408935547,13.868919372558594,52.63710403442383,23.929412841796875,21.426788330078125,39.2191162109375,8.366744995117188,0,97.56736755371094,0,34239672320,34583793664,13448159232,0
199,1743002861553,62497.36338806152,4625,0,1.2375,42446.580627441406,3701,3701,3701,3701,3701,3701,3701,3701,3701,3701,3701,3701,60.42310333251953,35.518959045410156,18.966346740722656,54.818138122558594,52.35115432739258,62.48668670654297,94.10879516601563,78.09537506103516,23.772499084472656,46.96586608886719,60.22872543334961,19.675949096679688,34239672320,34583793664,13448253440,0
199,1743002861752,32488.667587280273,4650,0,1.23125,42459.749908447266,3701,3701,3701,3701,3701,3701,3701,3701,3701,3701,3701,3701,63.47294998168945,5.919059753417969,0.7487640380859375,2.1102142333984375,37.65641784667969,6.33935546875,16.705177307128906,83.56684112548828,2.9261627197265625,2.3096542358398438,8.870811462402344,3.8182144165039063,34239672320,34583793664,13466820608,0
200,1743002861952,36431.669342041016,4650,0,1.2375,42473.09718322754,3701,3701,3701,3701,3701,3701,3701,3701,3701,3701,3701,3701,28.889938354492188,23.427017211914063,0.88275146484375,5.061309814453125,34.751861572265625,67.86844635009766,48.55984878540039,11.807136535644531,3.2968597412109375,2.9398880004882813,9.92926025390625,8.667747497558594,34239672320,34583793664,13470908416,0
4,1743002862153,32492.050186157227,4650,0,1.2375,42486.20640563965,3701,3701,3701,3701,3701,3701,3701,3701,3701,3701,3701,3701,28.218765258789063,4.9625701904296875,0.8173370361328125,2.1862411499023438,87.20567321777344,2.2364501953125,6.02264404296875,47.49538803100586,2.1120529174804688,2.0958175659179688,16.029258728027344,18.111839294433594,34239672320,34583793664,13452181504,0
