Delta,Time,CORE0_ENERGY (J),CORE0_FREQ (MHZ),CORE0_PSTATE,CORE0_VOLT (V),CPU_ENERGY (J),CPU_FREQUENCY_0,CPU_FREQUENCY_1,CPU_FREQUENCY_10,CPU_FREQUENCY_11,CPU_FREQUENCY_2,CPU_FREQUENCY_3,CPU_FREQUENCY_4,CPU_FREQUENCY_5,CPU_FREQUENCY_6,CPU_FREQUENCY_7,CPU_FREQUENCY_8,CPU_FREQUENCY_9,CPU_USAGE_0,CPU_USAGE_1,CPU_USAGE_10,CPU_USAGE_11,CPU_USAGE_2,CPU_USAGE_3,CPU_USAGE_4,CPU_USAGE_5,CPU_USAGE_6,CPU_USAGE_7,CPU_USAGE_8,CPU_USAGE_9,TOTAL_MEMORY,TOTAL_SWAP,USED_MEMORY,USED_SWAP
0,1743001638157,29555.120681762695,4650,0,1.24375,30516.438110351563,3701,3701,3701,3701,3701,3701,3701,3701,3701,3701,3701,3701,91.38439178466797,5.550666809082031,14.185287475585938,36.970699310302734,86.8873519897461,13.055610656738281,39.53689956665039,33.56752014160156,44.05118179321289,4.975883483886719,23.302719116210938,32.28839874267578,34239672320,34583793664,16014360576,0
199,1743001638158,29555.149536132813,4650,0,1.24375,30516.71174621582,3701,3701,3701,3701,3701,3701,3701,3701,3701,3701,3701,3701,0,0,0,0,100,0,92.58135223388672,0,94.0717544555664,0,0,0,34239672320,34583793664,16014024704,0
200,1743001638358,8952.712936401367,4650,0,1.2375,30530.451873779297,3701,3701,3701,3701,3701,3701,3701,3701,3701,3701,3701,3701,70.1795654296875,4.672401428222656,4.899009704589844,3.6873855590820313,65.68421936035156,31.51148223876953,43.01210021972656,11.683799743652344,12.837989807128906,9.358329772949219,11.148757934570313,8.180137634277344,34239672320,34583793664,16036675584,0
200,1743001638558,8953.970138549805,4650,0,1.25,30543.695587158203,3701,3701,3701,3701,3701,3701,3701,3701,3701,3701,3701,3701,46.409732818603516,6.652099609375,1.7329864501953125,2.3088531494140625,41.09535598754883,54.502498626708984,42.102298736572266,8.560554504394531,3.402587890625,7.365272521972656,3.3677215576171875,11.507919311523438,34239672320,34583793664,16039526400,0
5,1743001638759,29559.018157958984,4650,0,1.225,30557.087432861328,3701,3701,3701,3701,3701,3701,3701,3701,3701,3701,3701,3701,39.61772918701172,19.328094482421875,1.5706405639648438,5.286628723144531,27.53955078125,27.03296661376953,49.64986038208008,11.026908874511719,4.614021301269531,9.728462219238281,24.909820556640625,2.3109664916992188,34239672320,34583793664,16019546112,0
