Delta,Time,CORE0_ENERGY (J),CORE0_FREQ (MHZ),CORE0_PSTATE,CORE0_VOLT (V),CPU_ENERGY (J),CPU_FREQUENCY_0,CPU_FREQUENCY_1,CPU_FREQUENCY_10,CPU_FREQUENCY_11,CPU_FREQUENCY_2,CPU_FREQUENCY_3,CPU_FREQUENCY_4,CPU_FREQUENCY_5,CPU_FREQUENCY_6,CPU_FREQUENCY_7,CPU_FREQUENCY_8,CPU_FREQUENCY_9,CPU_USAGE_0,CPU_USAGE_1,CPU_USAGE_10,CPU_USAGE_11,CPU_USAGE_2,CPU_USAGE_3,CPU_USAGE_4,CPU_USAGE_5,CPU_USAGE_6,CPU_USAGE_7,CPU_USAGE_8,CPU_USAGE_9,TOTAL_MEMORY,TOTAL_SWAP,USED_MEMORY,USED_SWAP
0,1743003202899,49596.100830078125,4575,0,1.20625,62391.99317932129,3701,3701,3701,3701,3701,3701,3701,3701,3701,3701,3701,3701,29.510520935058594,45.9519157409668,33.541786193847656,7.1653900146484375,77.01131439208984,54.694358825683594,100,24.614822387695313,33.254554748535156,19.964553833007813,25.068397521972656,34.261688232421875,34239672320,34583793664,13057949696,0
191,1743003202908,33933.71240234375,4650,0,1.24375,62393.01414489746,3701,3701,3701,3701,3701,3701,3701,3701,3701,3701,3701,3701,26.212547302246094,42.136661529541016,21.561912536621094,13.971015930175781,54.916709899902344,32.00390625,100,12.100006103515625,25.61175537109375,21.47345733642578,64.47203063964844,28.07648468017578,34239672320,34583793664,13061492736,0
200,1743003203099,33935.05888366699,4650,0,1.2375,62406.16369628906,3701,3701,3701,3701,3701,3701,3701,3701,3701,3701,3701,3701,57.4068603515625,5.018463134765625,2.503875732421875,2.1336898803710938,52.149925231933594,8.609725952148438,91.10773468017578,16.25469207763672,3.6488494873046875,3.9861984252929688,4.443367004394531,3.75054931640625,34239672320,34583793664,13087891456,0
199,1743003203300,15614.663787841797,4550,0,1.2,62419.589126586914,3701,3701,3701,3701,3701,3701,3701,3701,3701,3701,3701,3701,49.14606857299805,7.0229034423828125,3.807769775390625,2.157257080078125,92.86788177490234,3.443756103515625,38.919925689697266,10.211601257324219,6.54107666015625,3.1953506469726563,12.48931884765625,5.084815979003906,34239672320,34583793664,13083758592,0
4,1743003203500,38084.73545837402,3720.0000000000005,0,1.25,62432.95739746094,3701,3701,3701,3701,3701,3701,3701,3701,3701,3701,3701,3701,42.82632827758789,2.0412139892578125,0.697784423828125,4.5718536376953125,75.94538879394531,5.306663513183594,71.72561645507813,2.451873779296875,4.2637786865234375,1.3343887329101563,3.2532882690429688,2.1655960083007813,34239672320,34583793664,13065908224,0
