Delta,Time,CORE0_ENERGY (J),CORE0_FREQ (MHZ),CORE0_PSTATE,CORE0_VOLT (V),CPU_ENERGY (J),CPU_FREQUENCY_0,CPU_FREQUENCY_1,CPU_FREQUENCY_10,CPU_FREQUENCY_11,CPU_FREQUENCY_2,CPU_FREQUENCY_3,CPU_FREQUENCY_4,CPU_FREQUENCY_5,CPU_FREQUENCY_6,CPU_FREQUENCY_7,CPU_FREQUENCY_8,CPU_FREQUENCY_9,CPU_USAGE_0,CPU_USAGE_1,CPU_USAGE_10,CPU_USAGE_11,CPU_USAGE_2,CPU_USAGE_3,CPU_USAGE_4,CPU_USAGE_5,CPU_USAGE_6,CPU_USAGE_7,CPU_USAGE_8,CPU_USAGE_9,TOTAL_MEMORY,TOTAL_SWAP,USED_MEMORY,USED_SWAP
0,1743001936664,10134.423400878906,4625,0,1.225,48444.52391052246,3701,3701,3701,3701,3701,3701,3701,3701,3701,3701,3701,3701,66.43484497070313,26.524818420410156,17.527816772460938,3.8341522216796875,37.75607681274414,33.79388427734375,56.59220886230469,54.898616790771484,1.67962646484375,54.125732421875,59.79723358154297,0,34239672320,34583793664,16171229184,0
200,1743001936665,27029.076690673828,4650,0,1.25,48444.822174072266,3701,3701,3701,3701,3701,3701,3701,3701,3701,3701,3701,3701,16.2039794921875,0,95.84083557128906,0,97.88915252685547,3.5089035034179688,11.584632873535156,6.850242614746094,89.91346740722656,2.5685272216796875,1.0504226684570313,0,34239672320,34583793664,16170504192,0
200,1743001936865,10135.760391235352,4650,0,1.2375,48458.3537902832,3701,3701,3701,3701,3701,3701,3701,3701,3701,3701,3701,3701,37.50755310058594,20.737892150878906,3.60626220703125,2.8034744262695313,60.00245666503906,23.568206787109375,23.455322265625,34.734954833984375,9.029579162597656,2.760406494140625,12.3985595703125,11.700889587402344,34239672320,34583793664,16186884096,0
200,1743001937065,27032.07781982422,4650,0,1.25,48471.85549926758,3701,3701,3701,3701,3701,3701,3701,3701,3701,3701,3701,3701,48.06117248535156,20.641700744628906,4.5341339111328125,2.4967422485351563,24.34581756591797,54.78504943847656,33.911895751953125,23.675949096679688,6.568565368652344,2.4275894165039063,25.932571411132813,4.793983459472656,34239672320,34583793664,16199688192,0
5,1743001937266,27033.061965942383,4650,0,1.25625,48485.42347717285,3701,3701,3701,3701,3701,3701,3701,3701,3701,3701,3701,3701,32.10319519042969,13.054145812988281,2.3959426879882813,2.5673675537109375,13.393806457519531,46.07804870605469,47.538021087646484,43.42105484008789,17.583335876464844,9.78143310546875,5.328300476074219,3.4277267456054688,34239672320,34583793664,16176377856,0
