Delta,Time,CORE0_ENERGY (J),CORE0_FREQ (MHZ),CORE0_PSTATE,CORE0_VOLT (V),CPU_ENERGY (J),CPU_FREQUENCY_0,CPU_FREQUENCY_1,CPU_FREQUENCY_10,CPU_FREQUENCY_11,CPU_FREQUENCY_2,CPU_FREQUENCY_3,CPU_FREQUENCY_4,CPU_FREQUENCY_5,CPU_FREQUENCY_6,CPU_FREQUENCY_7,CPU_FREQUENCY_8,CPU_FREQUENCY_9,CPU_USAGE_0,CPU_USAGE_1,CPU_USAGE_10,CPU_USAGE_11,CPU_USAGE_2,CPU_USAGE_3,CPU_USAGE_4,CPU_USAGE_5,CPU_USAGE_6,CPU_USAGE_7,CPU_USAGE_8,CPU_USAGE_9,TOTAL_MEMORY,TOTAL_SWAP,USED_MEMORY,USED_SWAP
0,1743003373038,38849.22557067871,4650,0,1.23125,6773.84326171875,3701,3701,3701,3701,3701,3701,3701,3701,3701,3701,3701,3701,41.604331970214844,23.043434143066406,22.588088989257813,5.524101257324219,14.812728881835938,100,28.075836181640625,39.55029296875,17.412086486816406,3.5709381103515625,24.301307678222656,52.67707061767578,34239672320,34583793664,13129994240,0
199,1743003373038,63831.755462646484,4650,0,1.23125,6774.2802734375,3701,3701,3701,3701,3701,3701,3701,3701,3701,3701,3701,3701,52.03739929199219,52.03739929199219,29.876251220703125,11.481300354003906,23.77326202392578,100,94.3407211303711,33.48430633544922,27.748268127441406,13.431182861328125,13.081130981445313,19.491188049316406,34239672320,34583793664,13130137600,0
199,1743003373238,16187.710647583008,4650,0,1.24375,6788.011276245117,3701,3701,3701,3701,3701,3701,3701,3701,3701,3701,3701,3701,41.33938217163086,7.0983123779296875,5.383094787597656,1.0662002563476563,32.83342742919922,48.657657623291016,49.41157150268555,31.415672302246094,4.676872253417969,3.0093460083007813,8.152687072753906,7.268531799316406,34239672320,34583793664,13144006656,0
200,1743003373438,16188.984603881836,3720.0000000000005,0,1.2375,6801.631072998047,3701,3701,3701,3701,3701,3701,3701,3701,3701,3701,3701,3701,29.247543334960938,33.66697692871094,6.0919647216796875,4.0595245361328125,65.49103546142578,6.642250061035156,38.0437126159668,51.229366302490234,4.651649475097656,2.1442718505859375,7.4147491455078125,5.432403564453125,34239672320,34583793664,13152976896,0
4,1743003373638,34701.410415649414,4650,0,1.24375,6814.822723388672,3701,3701,3701,3701,3701,3701,3701,3701,3701,3701,3701,3701,23.237945556640625,10.078933715820313,2.68212890625,8.348945617675781,75.92893981933594,1.7905044555664063,61.589691162109375,5.26507568359375,1.3646774291992188,5.110870361328125,7.617012023925781,1.67437744140625,34239672320,34583793664,13128712192,0
