Delta,Time,CORE0_ENERGY (J),CORE0_FREQ (MHZ),CORE0_PSTATE,CORE0_VOLT (V),CPU_ENERGY (J),CPU_FREQUENCY_0,CPU_FREQUENCY_1,CPU_FREQUENCY_10,CPU_FREQUENCY_11,CPU_FREQUENCY_2,CPU_FREQUENCY_3,CPU_FREQUENCY_4,CPU_FREQUENCY_5,CPU_FREQUENCY_6,CPU_FREQUENCY_7,CPU_FREQUENCY_8,CPU_FREQUENCY_9,CPU_USAGE_0,CPU_USAGE_1,CPU_USAGE_10,CPU_USAGE_11,CPU_USAGE_2,CPU_USAGE_3,CPU_USAGE_4,CPU_USAGE_5,CPU_USAGE_6,CPU_USAGE_7,CPU_USAGE_8,CPU_USAGE_9,TOTAL_MEMORY,TOTAL_SWAP,USED_MEMORY,USED_SWAP
0,1743002840344,14388.129272460938,4625,0,1.24375,41207.99003601074,3701,3701,3701,3701,3701,3701,3701,3701,3701,3701,3701,3701,80.47752380371094,15.268074035644531,7.727195739746094,21.63287353515625,34.64967346191406,27.685928344726563,13.101325988769531,100,33.65174102783203,12.841392517089844,26.96337890625,7.709922790527344,34239672320,34583793664,13447405568,0
190,1743002840354,62442.18359375,4625,0,1.24375,41209.11421203613,3701,3701,3701,3701,3701,3701,3701,3701,3701,3701,3701,3701,63.29762268066406,16.981971740722656,24.411415100097656,6.766395568847656,42.40985107421875,26.647506713867188,46.97543716430664,99.52182006835938,17.775672912597656,32.021820068359375,56.98523712158203,6.851318359375,34239672320,34583793664,13451583488,0
199,1743002840545,14389.702606201172,4650,0,1.2375,41221.801345825195,3701,3701,3701,3701,3701,3701,3701,3701,3701,3701,3701,3701,61.474815368652344,4.876495361328125,5.416969299316406,1.1448440551757813,47.68833541870117,7.5420379638671875,8.431777954101563,66.99018859863281,4.230522155761719,2.5433197021484375,6.2320556640625,14.417808532714844,34239672320,34583793664,13459050496,0
200,1743002840745,36331.39208984375,4650,0,1.21875,41235.21658325195,3701,3701,3701,3701,3701,3701,3701,3701,3701,3701,3701,3701,32.6409912109375,17.607444763183594,3.4525375366210938,12.623619079589844,80.87822723388672,2.9792251586914063,15.16741943359375,62.32939910888672,3.14404296875,3.3151168823242188,7.87725830078125,6.174858093261719,34239672320,34583793664,13471903744,0
4,1743002840945,32400.969619750977,3720.0000000000005,0,1.25625,41248.52821350098,3701,3701,3701,3701,3701,3701,3701,3701,3701,3701,3701,3701,33.612281799316406,4.352996826171875,1.5406646728515625,1.9334182739257813,69.63259887695313,3.341461181640625,28.577552795410156,56.06149673461914,4.1413116455078125,0.9387435913085938,11.414352416992188,10.3665771484375,34239672320,34583793664,13450219520,0
