Delta,Time,CORE0_ENERGY (J),CORE0_FREQ (MHZ),CORE0_PSTATE,CORE0_VOLT (V),CPU_ENERGY (J),CPU_FREQUENCY_0,CPU_FREQUENCY_1,CPU_FREQUENCY_10,CPU_FREQUENCY_11,CPU_FREQUENCY_2,CPU_FREQUENCY_3,CPU_FREQUENCY_4,CPU_FREQUENCY_5,CPU_FREQUENCY_6,CPU_FREQUENCY_7,CPU_FREQUENCY_8,CPU_FREQUENCY_9,CPU_USAGE_0,CPU_USAGE_1,CPU_USAGE_10,CPU_USAGE_11,CPU_USAGE_2,CPU_USAGE_3,CPU_USAGE_4,CPU_USAGE_5,CPU_USAGE_6,CPU_USAGE_7,CPU_USAGE_8,CPU_USAGE_9,TOTAL_MEMORY,TOTAL_SWAP,USED_MEMORY,USED_SWAP
0,1743003565289,16879.293746948242,4650,0,1.23125,18201.25489807129,3701,3701,3701,3701,3701,3701,3701,3701,3701,3701,3701,3701,42.98413848876953,2.8886947631835938,15.994186401367188,0,20.88079071044922,80.89260864257813,31.159385681152344,31.414810180664063,21.931556701660156,11.438438415527344,72.79643249511719,16.25505828857422,34239672320,34583793664,13187104768,0
191,1743003565298,35628.24645996094,3720.0000000000005,0,1.24375,18202.245025634766,3701,3701,3701,3701,3701,3701,3701,3701,3701,3701,3701,3701,70.543701171875,7.9104461669921875,6.786506652832031,13.336189270019531,9.7982177734375,54.60628128051758,31.593666076660156,22.32471466064453,35.169227600097656,25.9423828125,25.122169494628906,64.03311157226563,34239672320,34583793664,13186486272,0
199,1743003565490,35629.59158325195,4650,0,1.2375,18215.1229095459,3701,3701,3701,3701,3701,3701,3701,3701,3701,3701,3701,3701,50.45355987548828,8.692543029785156,2.3171463012695313,1.330810546875,52.75101852416992,6.81903076171875,1.884307861328125,95.470947265625,4.5452117919921875,2.6523818969726563,7.446136474609375,8.806190490722656,34239672320,34583793664,13195116544,0
200,1743003565690,16882.127197265625,4650,0,1.2375,18228.885345458984,3701,3701,3701,3701,3701,3701,3701,3701,3701,3701,3701,3701,49.008541107177734,6.710136413574219,5.569480895996094,1.5268783569335938,41.213436126708984,28.753448486328125,23.041641235351563,44.27279281616211,1.9866409301757813,13.34405517578125,9.5133056640625,12.819328308105469,34239672320,34583793664,13212278784,0
4,1743003565890,39752.602798461914,3720.0000000000005,0,1.24375,18242.060165405273,3701,3701,3701,3701,3701,3701,3701,3701,3701,3701,3701,3701,23.381126403808594,13.193313598632813,7.454345703125,0.7242431640625,70.58052062988281,10.879112243652344,19.178237915039063,51.613826751708984,2.29412841796875,1.6903762817382813,2.8399810791015625,8.358894348144531,34239672320,34583793664,13182959616,0
