Delta,Time,CORE0_ENERGY (J),CORE0_FREQ (MHZ),CORE0_PSTATE,CORE0_VOLT (V),CPU_ENERGY (J),CPU_FREQUENCY_0,CPU_FREQUENCY_1,CPU_FREQUENCY_10,CPU_FREQUENCY_11,CPU_FREQUENCY_2,CPU_FREQUENCY_3,CPU_FREQUENCY_4,CPU_FREQUENCY_5,CPU_FREQUENCY_6,CPU_FREQUENCY_7,CPU_FREQUENCY_8,CPU_FREQUENCY_9,CPU_USAGE_0,CPU_USAGE_1,CPU_USAGE_10,CPU_USAGE_11,CPU_USAGE_2,CPU_USAGE_3,CPU_USAGE_4,CPU_USAGE_5,CPU_USAGE_6,CPU_USAGE_7,CPU_USAGE_8,CPU_USAGE_9,TOTAL_MEMORY,TOTAL_SWAP,USED_MEMORY,USED_SWAP
0,1743003863692,65140.32911682129,4650,0,1.23125,35668.29983520508,3701,3701,3701,3701,3701,3701,3701,3701,3701,3701,3701,3701,100,0,13.153945922851563,1.7908554077148438,33.55931854248047,19.92540740966797,6.823455810546875,54.57963180541992,42.043636322021484,0,76.13690948486328,0,34239672320,34583793664,12837236736,0
190,1743003863702,36978.076416015625,4650,0,1.24375,35669.32278442383,3701,3701,3701,3701,3701,3701,3701,3701,3701,3701,3701,3701,25.72272491455078,86.62809753417969,8.6741943359375,25.311256408691406,21.609580993652344,68.86140441894531,26.383956909179688,26.616256713867188,40.06103515625,4.394798278808594,54.989219665527344,11.842941284179688,34239672320,34583793664,12836298752,0
200,1743003863892,17898.287673950195,4650,0,1.2375,35682.07865905762,3701,3701,3701,3701,3701,3701,3701,3701,3701,3701,3701,3701,62.17017364501953,6.751953125,2.7544403076171875,1.65765380859375,64.06159973144531,18.91417694091797,34.55693054199219,15.543815612792969,5.510093688964844,3.9601974487304688,9.333564758300781,11.824165344238281,34239672320,34583793664,12843053056,0
200,1743003864092,17899.63836669922,4650,0,1.2375,35695.19300842285,3701,3701,3701,3701,3701,3701,3701,3701,3701,3701,3701,3701,50.68321228027344,5.769538879394531,2.6418991088867188,1.8267822265625,50.412437438964844,7.399223327636719,82.67401123046875,4.288055419921875,1.6910934448242188,1.3319854736328125,4.5591278076171875,3.9372024536132813,34239672320,34583793664,12862713856,0
4,1743003864293,36982.50811767578,4650,0,1.2375,35708.59944152832,3701,3701,3701,3701,3701,3701,3701,3701,3701,3701,3701,3701,17.176063537597656,12.924758911132813,0.9734954833984375,2.1612167358398438,50.75472640991211,12.593879699707031,52.399330139160156,38.07347869873047,17.26148223876953,1.199462890625,5.116340637207031,1.8810653686523438,34239672320,34583793664,12825763840,0
