Delta,Time,CORE0_ENERGY (J),CORE0_FREQ (MHZ),CORE0_PSTATE,CORE0_VOLT (V),CPU_ENERGY (J),CPU_FREQUENCY_0,CPU_FREQUENCY_1,CPU_FREQUENCY_10,CPU_FREQUENCY_11,CPU_FREQUENCY_2,CPU_FREQUENCY_3,CPU_FREQUENCY_4,CPU_FREQUENCY_5,CPU_FREQUENCY_6,CPU_FREQUENCY_7,CPU_FREQUENCY_8,CPU_FREQUENCY_9,CPU_USAGE_0,CPU_USAGE_1,CPU_USAGE_10,CPU_USAGE_11,CPU_USAGE_2,CPU_USAGE_3,CPU_USAGE_4,CPU_USAGE_5,CPU_USAGE_6,CPU_USAGE_7,CPU_USAGE_8,CPU_USAGE_9,TOTAL_MEMORY,TOTAL_SWAP,USED_MEMORY,USED_SWAP
0,1743003032232,49185.82620239258,4650,0,1.225,52410.64109802246,3701,3701,3701,3701,3701,3701,3701,3701,3701,3701,3701,3701,55.27281188964844,12.755340576171875,5.554618835449219,0,30.60704803466797,31.777023315429688,100,7.27130126953125,9.519783020019531,8.60528564453125,77.7944564819336,0,34239672320,34583793664,13526659072,0
200,1743003032232,33208.72343444824,4625,0,1.2375,52411.01203918457,3701,3701,3701,3701,3701,3701,3701,3701,3701,3701,3701,3701,49.055511474609375,0,0,0,1.0821685791015625,74.79623413085938,100,0,97.88798522949219,0,46.50016403198242,0,34239672320,34583793664,13526470656,0
200,1743003032432,37253.469665527344,4650,0,1.225,52424.42710876465,3701,3701,3701,3701,3701,3701,3701,3701,3701,3701,3701,3701,24.8472900390625,19.23571014404297,5.0482635498046875,2.1236572265625,79.27404022216797,4.4759521484375,87.37544250488281,8.113090515136719,2.3547897338867188,2.7381820678710938,8.570060729980469,5.218109130859375,34239672320,34583793664,13531951104,0
200,1743003032632,15038.658309936523,4650,0,1.23125,52437.93193054199,3701,3701,3701,3701,3701,3701,3701,3701,3701,3701,3701,3701,44.28453063964844,7.6013641357421875,1.2301177978515625,3.8386688232421875,76.26333618164063,5.7238616943359375,45.10226058959961,32.26380920410156,6.441230773925781,9.752365112304688,8.777824401855469,7.2834930419921875,34239672320,34583793664,13547569152,0
4,1743003032833,37255.84199523926,4650,0,1.23125,52450.81433105469,3701,3701,3701,3701,3701,3701,3701,3701,3701,3701,3701,3701,27.6065673828125,12.305999755859375,3.7371673583984375,5.622886657714844,83.39926147460938,2.9854736328125,50.42423629760742,6.233772277832031,3.8998031616210938,1.9170989990234375,4.708251953125,2.9005813598632813,34239672320,34583793664,13531262976,0
