Delta,Time,CORE0_ENERGY (J),CORE0_FREQ (MHZ),CORE0_PSTATE,CORE0_VOLT (V),CPU_ENERGY (J),CPU_FREQUENCY_0,CPU_FREQUENCY_1,CPU_FREQUENCY_10,CPU_FREQUENCY_11,CPU_FREQUENCY_2,CPU_FREQUENCY_3,CPU_FREQUENCY_4,CPU_FREQUENCY_5,CPU_FREQUENCY_6,CPU_FREQUENCY_7,CPU_FREQUENCY_8,CPU_FREQUENCY_9,CPU_USAGE_0,CPU_USAGE_1,CPU_USAGE_10,CPU_USAGE_11,CPU_USAGE_2,CPU_USAGE_3,CPU_USAGE_4,CPU_USAGE_5,CPU_USAGE_6,CPU_USAGE_7,CPU_USAGE_8,CPU_USAGE_9,TOTAL_MEMORY,TOTAL_SWAP,USED_MEMORY,USED_SWAP
0,1743001872463,26691.118240356445,4650,0,1.225,44458.501541137695,3701,3701,3701,3701,3701,3701,3701,3701,3701,3701,3701,3701,40.56825256347656,24.51519775390625,6.982582092285156,23.35204315185547,99.67816162109375,32.181358337402344,60.43988037109375,15.818244934082031,19.22613525390625,19.447341918945313,72.63719177246094,5.90283203125,34239672320,34583793664,16139345920,0
191,1743001872472,9849.831939697266,4650,0,1.24375,44459.634353637695,3701,3701,3701,3701,3701,3701,3701,3701,3701,3701,3701,3701,65.6775131225586,29.233047485351563,15.986221313476563,18.680007934570313,90.52051544189453,20.25860595703125,15.904914855957031,99.17831420898438,25.998519897460938,19.93006134033203,84.43156433105469,5.683067321777344,34239672320,34583793664,16138444800,0
200,1743001872663,30628.24803161621,4650,0,1.2375,44472.83116149902,3701,3701,3701,3701,3701,3701,3701,3701,3701,3701,3701,3701,50.98115921020508,16.231109619140625,6.337440490722656,4.7122650146484375,74.98467254638672,6.661476135253906,44.325347900390625,28.351776123046875,11.755882263183594,4.287017822265625,17.322372436523438,18.042449951171875,34239672320,34583793664,16157876224,0
200,1743001872864,30629.579010009766,4650,0,1.24375,44486.458892822266,3701,3701,3701,3701,3701,3701,3701,3701,3701,3701,3701,3701,46.20888900756836,6.1793975830078125,8.976844787597656,3.9590911865234375,68.59912109375,5.645042419433594,70.057861328125,9.685096740722656,7.667060852050781,11.219223022460938,20.760292053222656,8.179939270019531,34239672320,34583793664,16156688384,0
6,1743001873064,30630.55940246582,3720.0000000000005,0,1.225,44499.613342285156,3701,3701,3701,3701,3701,3701,3701,3701,3701,3701,3701,3701,30.028236389160156,11.565238952636719,2.079925537109375,1.8861160278320313,97.10856628417969,3.6108551025390625,31.62865447998047,7.905189514160156,3.0560531616210938,8.282722473144531,8.23468017578125,3.7995223999023438,34239672320,34583793664,16136904704,0
