Delta,Time,CORE0_ENERGY (J),CORE0_FREQ (MHZ),CORE0_PSTATE,CORE0_VOLT (V),CPU_ENERGY (J),CPU_FREQUENCY_0,CPU_FREQUENCY_1,CPU_FREQUENCY_10,CPU_FREQUENCY_11,CPU_FREQUENCY_2,CPU_FREQUENCY_3,CPU_FREQUENCY_4,CPU_FREQUENCY_5,CPU_FREQUENCY_6,CPU_FREQUENCY_7,CPU_FREQUENCY_8,CPU_FREQUENCY_9,CPU_USAGE_0,CPU_USAGE_1,CPU_USAGE_10,CPU_USAGE_11,CPU_USAGE_2,CPU_USAGE_3,CPU_USAGE_4,CPU_USAGE_5,CPU_USAGE_6,CPU_USAGE_7,CPU_USAGE_8,CPU_USAGE_9,TOTAL_MEMORY,TOTAL_SWAP,USED_MEMORY,USED_SWAP
0,1743003309167,38560.1051940918,4625,0,1.23125,3047.7642822265625,3701,3701,3701,3701,3701,3701,3701,3701,3701,3701,3701,3701,40.43610763549805,45.87679672241211,22.163185119628906,5.717277526855469,99.76432800292969,20.153404235839844,40.41592025756836,21.097740173339844,15.465568542480469,18.79119110107422,86.82461547851563,0.37369537353515625,34239672320,34583793664,13128912896,0
192,1743003309174,38560.16549682617,4650,0,1.2375,3048.521759033203,3701,3701,3701,3701,3701,3701,3701,3701,3701,3701,3701,3701,88.67168426513672,11.508918762207031,16.971771240234375,3.25604248046875,21.959793090820313,100,49.90485763549805,10.020965576171875,13.820564270019531,4.085029602050781,9.9610595703125,7.4855499267578125,34239672320,34583793664,13141102592,0
199,1743003309367,49847.03048706055,3720.0000000000005,0,1.23125,3061.3963012695313,3701,3701,3701,3701,3701,3701,3701,3701,3701,3701,3701,3701,47.362327575683594,4.7359771728515625,3.8093032836914063,1.2896194458007813,65.26487731933594,14.8468017578125,51.8206901550293,19.629257202148438,5.477325439453125,10.826499938964844,8.330062866210938,3.921783447265625,34239672320,34583793664,13151322112,0
199,1743003309567,34413.90872192383,4650,0,1.25,3075.063232421875,3701,3701,3701,3701,3701,3701,3701,3701,3701,3701,3701,3701,32.347755432128906,12.197303771972656,5.1552276611328125,2.4191436767578125,65.76449584960938,15.679351806640625,75.29129028320313,19.399749755859375,8.270622253417969,10.897003173828125,19.267257690429688,4.13775634765625,34239672320,34583793664,13171372032,0
4,1743003309767,34415.58290100098,3720.0000000000005,0,1.2375,3088.19921875,3701,3701,3701,3701,3701,3701,3701,3701,3701,3701,3701,3701,26.597610473632813,6.0430145263671875,5.312614440917969,0.46063232421875,67.76248168945313,3.2494888305664063,76.72203063964844,2.846038818359375,7.032310485839844,0.6312637329101563,11.278114318847656,1.7332229614257813,34239672320,34583793664,13129027584,0
