Delta,Time,CORE0_ENERGY (J),CORE0_FREQ (MHZ),CORE0_PSTATE,CORE0_VOLT (V),CPU_ENERGY (J),CPU_FREQUENCY_0,CPU_FREQUENCY_1,CPU_FREQUENCY_10,CPU_FREQUENCY_11,CPU_FREQUENCY_2,CPU_FREQUENCY_3,CPU_FREQUENCY_4,CPU_FREQUENCY_5,CPU_FREQUENCY_6,CPU_FREQUENCY_7,CPU_FREQUENCY_8,CPU_FREQUENCY_9,CPU_USAGE_0,CPU_USAGE_1,CPU_USAGE_10,CPU_USAGE_11,CPU_USAGE_2,CPU_USAGE_3,CPU_USAGE_4,CPU_USAGE_5,CPU_USAGE_6,CPU_USAGE_7,CPU_USAGE_8,CPU_USAGE_9,TOTAL_MEMORY,TOTAL_SWAP,USED_MEMORY,USED_SWAP
0,1743002946780,45287.20634460449,4600,0,1.225,47421.45021057129,3701,3701,3701,3701,3701,3701,3701,3701,3701,3701,3701,3701,33.46006774902344,29.57049560546875,10.300971984863281,5.078987121582031,48.284854888916016,28.177520751953125,24.91883087158203,91.61773681640625,20.562408447265625,25.95514678955078,78.93709564208984,16.211029052734375,34239672320,34583793664,13457547264,0
191,1743002946789,32849.58059692383,4650,0,1.23125,47422.28698730469,3701,3701,3701,3701,3701,3701,3701,3701,3701,3701,3701,3701,37.258426666259766,33.81117248535156,15.855857849121094,8.438758850097656,65.54412841796875,35.133949279785156,14.439788818359375,89.75304412841797,27.293617248535156,10.697494506835938,63.047996520996094,31.903610229492188,34239672320,34583793664,13464457216,0
199,1743002946981,32851.19129943848,3720.0000000000005,0,1.2375,47435.46726989746,3701,3701,3701,3701,3701,3701,3701,3701,3701,3701,3701,3701,51.47140121459961,7.9807281494140625,4.500587463378906,4.164703369140625,78.28854370117188,7.209770202636719,13.881210327148438,62.075374603271484,13.287818908691406,2.6475372314453125,17.399269104003906,3.7932891845703125,34239672320,34583793664,13482987520,0
200,1743002947181,14749.813415527344,4650,0,1.2375,47448.70983886719,3701,3701,3701,3701,3701,3701,3701,3701,3701,3701,3701,3701,52.00673294067383,6.9010467529296875,1.4249725341796875,3.3411026000976563,67.96037292480469,3.2764892578125,64.81853485107422,5.960243225097656,7.851600646972656,2.9564056396484375,5.687583923339844,12.146461486816406,34239672320,34583793664,13482037248,0
4,1743002947381,32854.545989990234,3720.0000000000005,0,1.23125,47461.85096740723,3701,3701,3701,3701,3701,3701,3701,3701,3701,3701,3701,3701,31.487701416015625,3.691925048828125,0.584197998046875,4.6847076416015625,69.7797622680664,3.908660888671875,57.83235549926758,15.921363830566406,12.028144836425781,1.5349578857421875,12.93548583984375,4.513984680175781,34239672320,34583793664,13464535040,0
