Delta,Time,CORE0_ENERGY (J),CORE0_FREQ (MHZ),CORE0_PSTATE,CORE0_VOLT (V),CPU_ENERGY (J),CPU_FREQUENCY_0,CPU_FREQUENCY_1,CPU_FREQUENCY_10,CPU_FREQUENCY_11,CPU_FREQUENCY_2,CPU_FREQUENCY_3,CPU_FREQUENCY_4,CPU_FREQUENCY_5,CPU_FREQUENCY_6,CPU_FREQUENCY_7,CPU_FREQUENCY_8,CPU_FREQUENCY_9,CPU_USAGE_0,CPU_USAGE_1,CPU_USAGE_10,CPU_USAGE_11,CPU_USAGE_2,CPU_USAGE_3,CPU_USAGE_4,CPU_USAGE_5,CPU_USAGE_6,CPU_USAGE_7,CPU_USAGE_8,CPU_USAGE_9,TOTAL_MEMORY,TOTAL_SWAP,USED_MEMORY,USED_SWAP
0,1743001851236,30521.816177368164,4625,0,1.2125,43179.14149475098,3701,3701,3701,3701,3701,3701,3701,3701,3701,3701,3701,3701,74.3331298828125,32.93699645996094,9.513389587402344,34.17919158935547,62.55373764038086,58.03959655761719,49.84107208251953,47.72892379760742,39.86368179321289,29.42351531982422,21.809555053710938,53.77145767211914,34239672320,34583793664,16371986432,0
200,1743001851236,26586.724212646484,4600,0,1.20625,43179.44827270508,3701,3701,3701,3701,3701,3701,3701,3701,3701,3701,3701,3701,17.557632446289063,51.07809829711914,32.47962951660156,3.5522689819335938,0,83.18263244628906,87.28140258789063,17.656997680664063,100,0,0,37.728538513183594,34239672320,34583793664,16372269056,0
200,1743001851437,58849.336853027344,4650,0,1.23125,43193.88868713379,3701,3701,3701,3701,3701,3701,3701,3701,3701,3701,3701,3701,43.514610290527344,27.09521484375,6.16998291015625,8.694427490234375,45.49078369140625,57.214515686035156,29.102584838867188,34.921844482421875,24.531105041503906,17.220863342285156,17.2650146484375,19.016822814941406,34239672320,34583793664,16372506624,0
200,1743001851637,9765.413772583008,4650,0,1.2375,43207.470611572266,3701,3701,3701,3701,3701,3701,3701,3701,3701,3701,3701,3701,34.386695861816406,18.699981689453125,6.300086975097656,5.147575378417969,39.1916618347168,44.52880096435547,21.131980895996094,51.636634826660156,5.425193786621094,9.700576782226563,7.232460021972656,13.969009399414063,34239672320,34583793664,16385388544,0
5,1743001851837,26591.846237182617,4650,0,1.23125,43220.70733642578,3701,3701,3701,3701,3701,3701,3701,3701,3701,3701,3701,3701,15.258338928222656,12.99957275390625,3.1102447509765625,1.352752685546875,15.947296142578125,72.75714111328125,6.8164520263671875,54.48956298828125,3.2435531616210938,11.897132873535156,3.0683212280273438,10.132888793945313,34239672320,34583793664,16365080576,0
