Delta,Time,CORE0_ENERGY (J),CORE0_FREQ (MHZ),CORE0_PSTATE,CORE0_VOLT (V),CPU_ENERGY (J),CPU_FREQUENCY_0,CPU_FREQUENCY_1,CPU_FREQUENCY_10,CPU_FREQUENCY_11,CPU_FREQUENCY_2,CPU_FREQUENCY_3,CPU_FREQUENCY_4,CPU_FREQUENCY_5,CPU_FREQUENCY_6,CPU_FREQUENCY_7,CPU_FREQUENCY_8,CPU_FREQUENCY_9,CPU_USAGE_0,CPU_USAGE_1,CPU_USAGE_10,CPU_USAGE_11,CPU_USAGE_2,CPU_USAGE_3,CPU_USAGE_4,CPU_USAGE_5,CPU_USAGE_6,CPU_USAGE_7,CPU_USAGE_8,CPU_USAGE_9,TOTAL_MEMORY,TOTAL_SWAP,USED_MEMORY,USED_SWAP
0,1743003351810,34599.3367767334,3720.0000000000005,0,1.2375,5535.72233581543,3701,3701,3701,3701,3701,3701,3701,3701,3701,3701,3701,3701,46.79462814331055,48.26859664916992,14.68408203125,35.624244689941406,70.23100280761719,26.63642120361328,65.7124252319336,39.94239807128906,19.86309814453125,15.471565246582031,88.56330871582031,43.65967559814453,34239672320,34583793664,13129125888,0
199,1743003351810,34599.36642456055,4650,0,1.24375,5536.086074829102,3701,3701,3701,3701,3701,3701,3701,3701,3701,3701,3701,3701,24.56452178955078,99.82041931152344,19.284873962402344,23.143844604492188,96.13703918457031,17.93004608154297,96.03128814697266,24.199371337890625,100,14.81134033203125,21.992538452148438,26.82123565673828,34239672320,34583793664,13133942784,0
200,1743003352010,49947.94825744629,4650,0,1.23125,5549.370635986328,3701,3701,3701,3701,3701,3701,3701,3701,3701,3701,3701,3701,45.33436965942383,5.974189758300781,4.676704406738281,0.34960174560546875,72.59278106689453,14.158622741699219,36.47174072265625,9.235130310058594,30.2421875,1.0326385498046875,11.441978454589844,3.6004638671875,34239672320,34583793664,13149073408,0
200,1743003352211,38757.903228759766,4650,0,1.225,5563.037246704102,3701,3701,3701,3701,3701,3701,3701,3701,3701,3701,3701,3701,51.001853942871094,5.924751281738281,5.40655517578125,6.7497711181640625,81.98506927490234,5.215644836425781,44.202762603759766,9.627922058105469,15.946456909179688,2.9306411743164063,8.215568542480469,3.82012939453125,34239672320,34583793664,13159022592,0
4,1743003352411,38759.058670043945,4650,0,1.23125,5576.162994384766,3701,3701,3701,3701,3701,3701,3701,3701,3701,3701,3701,3701,27.06292724609375,3.0124969482421875,2.2867584228515625,9.217391967773438,64.1557388305664,18.729034423828125,76.20623779296875,7.695709228515625,1.4523849487304688,2.0106735229492188,5.456825256347656,2.8989944458007813,34239672320,34583793664,13140213760,0
