Delta,Time,CORE0_ENERGY (J),CORE0_FREQ (MHZ),CORE0_PSTATE,CORE0_VOLT (V),CPU_ENERGY (J),CPU_FREQUENCY_0,CPU_FREQUENCY_1,CPU_FREQUENCY_10,CPU_FREQUENCY_11,CPU_FREQUENCY_2,CPU_FREQUENCY_3,CPU_FREQUENCY_4,CPU_FREQUENCY_5,CPU_FREQUENCY_6,CPU_FREQUENCY_7,CPU_FREQUENCY_8,CPU_FREQUENCY_9,CPU_USAGE_0,CPU_USAGE_1,CPU_USAGE_10,CPU_USAGE_11,CPU_USAGE_2,CPU_USAGE_3,CPU_USAGE_4,CPU_USAGE_5,CPU_USAGE_6,CPU_USAGE_7,CPU_USAGE_8,CPU_USAGE_9,TOTAL_MEMORY,TOTAL_SWAP,USED_MEMORY,USED_SWAP
0,1743001702251,9184.710433959961,4650,0,1.23125,34285.63104248047,3701,3701,3701,3701,3701,3701,3701,3701,3701,3701,3701,3701,54.35586166381836,6.141563415527344,6.810569763183594,15.540550231933594,78.41920471191406,7.469535827636719,49.68009948730469,19.611190795898438,11.422439575195313,4.838226318359375,75.81253051757813,0.127777099609375,34239672320,34583793664,16043016192,0
190,1743001702261,29836.02229309082,4650,0,1.225,34286.59425354004,3701,3701,3701,3701,3701,3701,3701,3701,3701,3701,3701,3701,37.06663131713867,8.994651794433594,6.24945068359375,19.122108459472656,84.578857421875,12.308967590332031,54.49155807495117,19.443634033203125,13.110748291015625,4.033348083496094,8.150131225585938,20.112464904785156,34239672320,34583793664,16043352064,0
200,1743001702452,25849.340072631836,4650,0,1.24375,34299.35388183594,3701,3701,3701,3701,3701,3701,3701,3701,3701,3701,3701,3701,38.592891693115234,4.585777282714844,2.5931549072265625,1.7617568969726563,68.20480346679688,4.983848571777344,15.087478637695313,59.876953125,12.189781188964844,4.596412658691406,4.383636474609375,27.813133239746094,34239672320,34583793664,16046915584,0
199,1743001702652,58412.7645111084,3720.0000000000005,0,1.2375,34312.74411010742,3701,3701,3701,3701,3701,3701,3701,3701,3701,3701,3701,3701,41.300506591796875,15.508071899414063,4.187995910644531,2.8488616943359375,74.49527740478516,16.695053100585938,24.8255615234375,31.142776489257813,7.4828033447265625,11.838607788085938,7.39605712890625,7.148185729980469,34239672320,34583793664,16064659456,0
5,1743001702852,25852.97247314453,4650,0,1.21875,34325.72799682617,3701,3701,3701,3701,3701,3701,3701,3701,3701,3701,3701,3701,34.870697021484375,12.019287109375,2.2735366821289063,5.583251953125,79.97804260253906,6.23529052734375,11.584793090820313,46.4179801940918,9.949485778808594,4.769676208496094,4.40069580078125,3.9935073852539063,34239672320,34583793664,16034705408,0
