Delta,Time,CORE0_ENERGY (J),CORE0_FREQ (MHZ),CORE0_PSTATE,CORE0_VOLT (V),CPU_ENERGY (J),CPU_FREQUENCY_0,CPU_FREQUENCY_1,CPU_FREQUENCY_10,CPU_FREQUENCY_11,CPU_FREQUENCY_2,CPU_FREQUENCY_3,CPU_FREQUENCY_4,CPU_FREQUENCY_5,CPU_FREQUENCY_6,CPU_FREQUENCY_7,CPU_FREQUENCY_8,CPU_FREQUENCY_9,CPU_USAGE_0,CPU_USAGE_1,CPU_USAGE_10,CPU_USAGE_11,CPU_USAGE_2,CPU_USAGE_3,CPU_USAGE_4,CPU_USAGE_5,CPU_USAGE_6,CPU_USAGE_7,CPU_USAGE_8,CPU_USAGE_9,TOTAL_MEMORY,TOTAL_SWAP,USED_MEMORY,USED_SWAP
0,1743003778616,40721.663818359375,4650,0,1.23125,30691.29428100586,3701,3701,3701,3701,3701,3701,3701,3701,3701,3701,3701,3701,81.95512390136719,41.904537200927734,25.614212036132813,4.5543060302734375,36.076229095458984,22.84386444091797,98.52719116210938,10.212043762207031,29.142135620117188,7.6675567626953125,34.21992492675781,28.239273071289063,34239672320,34583793664,13188612096,0
199,1743003778616,36599.57109069824,4650,0,1.24375,30691.520706176758,3701,3701,3701,3701,3701,3701,3701,3701,3701,3701,3701,3701,15.135353088378906,41.51553726196289,23.389785766601563,2.1936264038085938,10.278038024902344,80.7174301147461,40.34537887573242,15.13201904296875,0,100,66.59555053710938,8.884521484375,34239672320,34583793664,13188022272,0
200,1743003778816,17605.33740234375,4650,0,1.23125,30705.052154541016,3701,3701,3701,3701,3701,3701,3701,3701,3701,3701,3701,3701,44.50978088378906,7.71160888671875,2.5509719848632813,2.25823974609375,52.70163345336914,19.542251586914063,68.64445495605469,18.08819580078125,7.582633972167969,9.085296630859375,9.531600952148438,5.685905456542969,34239672320,34583793664,13210402816,0
200,1743003779016,64917.81466674805,4650,0,1.23125,30718.636199951172,3701,3701,3701,3701,3701,3701,3701,3701,3701,3701,3701,3701,42.042964935302734,7.711418151855469,5.009300231933594,2.1069869995117188,51.00859832763672,8.900192260742188,91.75640869140625,4.148033142089844,12.107803344726563,1.3174667358398438,15.096977233886719,8.178352355957031,34239672320,34583793664,13226749952,0
4,1743003779216,36604.28341674805,3720.0000000000005,0,1.2375,30731.655868530273,3701,3701,3701,3701,3701,3701,3701,3701,3701,3701,3701,3701,31.92223358154297,10.831123352050781,2.1011123657226563,4.877922058105469,69.44235229492188,2.0420379638671875,48.396671295166016,21.811973571777344,8.661598205566406,1.10760498046875,12.253990173339844,3.208465576171875,34239672320,34583793664,13200183296,0
