Delta,Time,CORE0_ENERGY (J),CORE0_FREQ (MHZ),CORE0_PSTATE,CORE0_VOLT (V),CPU_ENERGY (J),CPU_FREQUENCY_0,CPU_FREQUENCY_1,CPU_FREQUENCY_10,CPU_FREQUENCY_11,CPU_FREQUENCY_2,CPU_FREQUENCY_3,CPU_FREQUENCY_4,CPU_FREQUENCY_5,CPU_FREQUENCY_6,CPU_FREQUENCY_7,CPU_FREQUENCY_8,CPU_FREQUENCY_9,CPU_USAGE_0,CPU_USAGE_1,CPU_USAGE_10,CPU_USAGE_11,CPU_USAGE_2,CPU_USAGE_3,CPU_USAGE_4,CPU_USAGE_5,CPU_USAGE_6,CPU_USAGE_7,CPU_USAGE_8,CPU_USAGE_9,TOTAL_MEMORY,TOTAL_SWAP,USED_MEMORY,USED_SWAP
0,1743001723472,25953.04539489746,3720.0000000000005,0,1.24375,35526.87326049805,3701,3701,3701,3701,3701,3701,3701,3701,3701,3701,3701,3701,32.02880096435547,31.69451904296875,11.737495422363281,17.913375854492188,31.118179321289063,39.85926055908203,88.00032043457031,100,23.298484802246094,8.589393615722656,37.281883239746094,10.032821655273438,34239672320,34583793664,16091987968,0
199,1743001723473,25953.070709228516,4650,0,1.24375,35527.15017700195,3701,3701,3701,3701,3701,3701,3701,3701,3701,3701,3701,3701,100,0,0,0,94.87837219238281,0,0,35.53483581542969,0,80.52584838867188,0,0,34239672320,34583793664,16107319296,0
200,1743001723673,25954.625213623047,4650,0,1.23125,35540.756286621094,3701,3701,3701,3701,3701,3701,3701,3701,3701,3701,3701,3701,28.277175903320313,30.715858459472656,5.3781585693359375,2.7540512084960938,54.74246597290039,21.637680053710938,43.97822570800781,31.437088012695313,3.2867813110351563,9.020606994628906,11.629074096679688,9.480224609375,34239672320,34583793664,16118829056,0
199,1743001723873,25956.090423583984,4625,0,1.23125,35554.34378051758,3701,3701,3701,3701,3701,3701,3701,3701,3701,3701,3701,3701,37.305702209472656,15.295989990234375,2.4432754516601563,3.0665130615234375,43.00222396850586,30.96038055419922,19.240028381347656,62.863311767578125,18.834152221679688,3.3134536743164063,9.466590881347656,10.864265441894531,34239672320,34583793664,16133689344,0
5,1743001724073,25957.414016723633,3720.0000000000005,0,1.2375,35567.35690307617,3701,3701,3701,3701,3701,3701,3701,3701,3701,3701,3701,3701,24.713035583496094,2.8264389038085938,0.8390350341796875,4.796546936035156,49.64219284057617,3.5763778686523438,1.709442138671875,75.84268188476563,20.935317993164063,0.823699951171875,9.916801452636719,1.7402572631835938,34239672320,34583793664,16105512960,0
