Delta,Time,CORE0_ENERGY (J),CORE0_FREQ (MHZ),CORE0_PSTATE,CORE0_VOLT (V),CPU_ENERGY (J),CPU_FREQUENCY_0,CPU_FREQUENCY_1,CPU_FREQUENCY_10,CPU_FREQUENCY_11,CPU_FREQUENCY_2,CPU_FREQUENCY_3,CPU_FREQUENCY_4,CPU_FREQUENCY_5,CPU_FREQUENCY_6,CPU_FREQUENCY_7,CPU_FREQUENCY_8,CPU_FREQUENCY_9,CPU_USAGE_0,CPU_USAGE_1,CPU_USAGE_10,CPU_USAGE_11,CPU_USAGE_2,CPU_USAGE_3,CPU_USAGE_4,CPU_USAGE_5,CPU_USAGE_6,CPU_USAGE_7,CPU_USAGE_8,CPU_USAGE_9,TOTAL_MEMORY,TOTAL_SWAP,USED_MEMORY,USED_SWAP
0,1743003884900,37072.178649902344,4625,0,1.23125,36905.86143493652,3701,3701,3701,3701,3701,3701,3701,3701,3701,3701,3701,3701,78.65321350097656,0,5.13494873046875,13.104866027832031,21.522781372070313,44.49555587768555,21.767784118652344,42.5015754699707,21.074790954589844,17.596824645996094,11.417884826660156,24.183761596679688,34239672320,34583793664,12836282368,0
199,1743003884900,17969.500061035156,4650,0,1.23125,36906.29704284668,3701,3701,3701,3701,3701,3701,3701,3701,3701,3701,3701,3701,91.43014526367188,3.3299407958984375,23.411277770996094,12.958114624023438,47.49587631225586,17.50470733642578,11.061485290527344,71.3038101196289,43.692604064941406,4.6265869140625,10.313163757324219,10.604820251464844,34239672320,34583793664,12835377152,0
199,1743003885100,41216.34330749512,4650,0,1.24375,36919.50466918945,3701,3701,3701,3701,3701,3701,3701,3701,3701,3701,3701,3701,42.261268615722656,23.233253479003906,2.3853302001953125,2.1094589233398438,85.92274475097656,2.6828994750976563,45.862491607666016,9.871566772460938,4.942596435546875,2.9518051147460938,6.166053771972656,5.69073486328125,34239672320,34583793664,12843024384,0
200,1743003885301,17971.91030883789,4650,0,1.25625,36933.16288757324,3701,3701,3701,3701,3701,3701,3701,3701,3701,3701,3701,3701,37.09308624267578,14.989471435546875,1.6578750610351563,1.9876708984375,78.92240142822266,5.573822021484375,42.51957702636719,11.778854370117188,8.914848327636719,2.129547119140625,15.282135009765625,3.1104736328125,34239672320,34583793664,12856172544,0
4,1743003885501,37076.78421020508,4650,0,1.2,36946.654541015625,3701,3701,3701,3701,3701,3701,3701,3701,3701,3701,3701,3701,26.229339599609375,12.165596008300781,4.457481384277344,2.0630645751953125,81.78397369384766,10.485923767089844,63.3367805480957,8.336532592773438,4.515800476074219,7.7308502197265625,2.9776077270507813,6.258659362792969,34239672320,34583793664,12834856960,0
