Delta,Time,CORE0_ENERGY (J),CORE0_FREQ (MHZ),CORE0_PSTATE,CORE0_VOLT (V),CPU_ENERGY (J),CPU_FREQUENCY_0,CPU_FREQUENCY_1,CPU_FREQUENCY_10,CPU_FREQUENCY_11,CPU_FREQUENCY_2,CPU_FREQUENCY_3,CPU_FREQUENCY_4,CPU_FREQUENCY_5,CPU_FREQUENCY_6,CPU_FREQUENCY_7,CPU_FREQUENCY_8,CPU_FREQUENCY_9,CPU_USAGE_0,CPU_USAGE_1,CPU_USAGE_10,CPU_USAGE_11,CPU_USAGE_2,CPU_USAGE_3,CPU_USAGE_4,CPU_USAGE_5,CPU_USAGE_6,CPU_USAGE_7,CPU_USAGE_8,CPU_USAGE_9,TOTAL_MEMORY,TOTAL_SWAP,USED_MEMORY,USED_SWAP
0,1743003266742,38368.21853637695,4650,0,1.23125,572.3622741699219,3701,3701,3701,3701,3701,3701,3701,3701,3701,3701,3701,3701,44.00339889526367,9.21112060546875,4.5534820556640625,9.054473876953125,38.294254302978516,73.90225219726563,39.471580505371094,35.00474548339844,42.19533920288086,3.4903106689453125,16.605010986328125,10.09515380859375,34239672320,34583793664,13136539648,0
191,1743003266751,34219.54592895508,4650,0,1.24375,573.2816467285156,3701,3701,3701,3701,3701,3701,3701,3701,3701,3701,3701,3701,62.85392761230469,8.15045166015625,28.290939331054688,9.241401672363281,19.67517852783203,59.165714263916016,28.18579864501953,57.2753791809082,12.406135559082031,5.001380920410156,54.613990783691406,19.945114135742188,34239672320,34583793664,13135712256,0
199,1743003266943,34221.039474487305,4650,0,1.23125,586.05859375,3701,3701,3701,3701,3701,3701,3701,3701,3701,3701,3701,3701,40.69863510131836,15.685256958007813,3.2095794677734375,1.7112655639648438,63.03933334350586,3.9407958984375,1.9440078735351563,92.09187316894531,3.7862701416015625,1.9413604736328125,6.2369537353515625,3.8927459716796875,34239672320,34583793664,13153325056,0
199,1743003267143,34222.25259399414,4650,0,1.25625,599.2018127441406,3701,3701,3701,3701,3701,3701,3701,3701,3701,3701,3701,3701,41.267879486083984,30.636322021484375,2.42535400390625,1.3360366821289063,31.756607055664063,16.37542724609375,12.690765380859375,68.268798828125,4.6291961669921875,1.4375686645507813,10.042495727539063,5.046058654785156,34239672320,34583793664,13165379584,0
4,1743003267343,38372.28190612793,3720.0000000000005,0,1.225,612.7016754150391,3701,3701,3701,3701,3701,3701,3701,3701,3701,3701,3701,3701,19.025848388671875,22.015487670898438,6.414146423339844,6.579498291015625,69.8936996459961,9.427871704101563,11.100845336914063,78.98832702636719,3.5576248168945313,1.96728515625,6.017364501953125,3.3747711181640625,34239672320,34583793664,13131542528,0
