Delta,Time,CORE0_ENERGY (J),CORE0_FREQ (MHZ),CORE0_PSTATE,CORE0_VOLT (V),CPU_ENERGY (J),CPU_FREQUENCY_0,CPU_FREQUENCY_1,CPU_FREQUENCY_10,CPU_FREQUENCY_11,CPU_FREQUENCY_2,CPU_FREQUENCY_3,CPU_FREQUENCY_4,CPU_FREQUENCY_5,CPU_FREQUENCY_6,CPU_FREQUENCY_7,CPU_FREQUENCY_8,CPU_FREQUENCY_9,CPU_USAGE_0,CPU_USAGE_1,CPU_USAGE_10,CPU_USAGE_11,CPU_USAGE_2,CPU_USAGE_3,CPU_USAGE_4,CPU_USAGE_5,CPU_USAGE_6,CPU_USAGE_7,CPU_USAGE_8,CPU_USAGE_9,TOTAL_MEMORY,TOTAL_SWAP,USED_MEMORY,USED_SWAP
0,1743002555209,30812.398223876953,4650,0,1.225,23635.205535888672,3701,3701,3701,3701,3701,3701,3701,3701,3701,3701,3701,3701,78.6119384765625,0,9.243408203125,12.290870666503906,42.8372688293457,5.868072509765625,22.589675903320313,54.09400177001953,10.138412475585938,9.888519287109375,28.2291259765625,1.854705810546875,34239672320,34583793664,15142297600,0
200,1743002555209,30812.476303100586,4650,0,1.24375,23636.128631591797,3701,3701,3701,3701,3701,3701,3701,3701,3701,3701,3701,3701,38.00276565551758,21.927978515625,28.432777404785156,10.302742004394531,87.77699279785156,7.254425048828125,26.57598114013672,24.686248779296875,56.06048583984375,3.1350936889648438,34.23133087158203,17.119277954101563,34239672320,34583793664,15142375424,0
200,1743002555409,13295.296310424805,4650,0,1.23125,23649.03158569336,3701,3701,3701,3701,3701,3701,3701,3701,3701,3701,3701,3701,61.66204071044922,12.771263122558594,3.4857635498046875,1.7126388549804688,56.70319366455078,5.0708465576171875,33.748558044433594,33.635162353515625,10.9276123046875,2.3154144287109375,12.520011901855469,5.4686737060546875,34239672320,34583793664,15153303552,0
200,1743002555610,13296.394714355469,4650,0,1.2375,23662.35447692871,3701,3701,3701,3701,3701,3701,3701,3701,3701,3701,3701,3701,41.76674270629883,5.802520751953125,3.2705459594726563,12.406661987304688,62.917179107666016,20.11688232421875,54.96525192260742,9.829353332519531,3.37139892578125,3.93756103515625,14.2711181640625,4.13262939453125,34239672320,34583793664,15166783488,0
5,1743002555810,30817.049865722656,4650,0,1.2375,23675.543212890625,3701,3701,3701,3701,3701,3701,3701,3701,3701,3701,3701,3701,28.583457946777344,11.724838256835938,3.571868896484375,1.9006881713867188,44.51212692260742,23.96100616455078,43.46574783325195,16.48053741455078,12.602180480957031,20.9302978515625,13.469100952148438,10.890098571777344,34239672320,34583793664,15130529792,0
