Delta,Time,CORE0_ENERGY (J),CORE0_FREQ (MHZ),CORE0_PSTATE,CORE0_VOLT (V),CPU_ENERGY (J),CPU_FREQUENCY_0,CPU_FREQUENCY_1,CPU_FREQUENCY_10,CPU_FREQUENCY_11,CPU_FREQUENCY_2,CPU_FREQUENCY_3,CPU_FREQUENCY_4,CPU_FREQUENCY_5,CPU_FREQUENCY_6,CPU_FREQUENCY_7,CPU_FREQUENCY_8,CPU_FREQUENCY_9,CPU_USAGE_0,CPU_USAGE_1,CPU_USAGE_10,CPU_USAGE_11,CPU_USAGE_2,CPU_USAGE_3,CPU_USAGE_4,CPU_USAGE_5,CPU_USAGE_6,CPU_USAGE_7,CPU_USAGE_8,CPU_USAGE_9,TOTAL_MEMORY,TOTAL_SWAP,USED_MEMORY,USED_SWAP
0,1743002925573,36733.731185913086,4650,0,1.2375,46183.65881347656,3701,3701,3701,3701,3701,3701,3701,3701,3701,3701,3701,3701,31.967445373535156,66.81179809570313,32.88164520263672,19.73687744140625,46.381404876708984,72.0643081665039,58.84065246582031,46.50772476196289,32.94305419921875,31.879074096679688,39.848716735839844,20.82781982421875,34239672320,34583793664,13441306624,0
193,1743002925579,14675.724822998047,4650,0,1.2375,46184.42739868164,3701,3701,3701,3701,3701,3701,3701,3701,3701,3701,3701,3701,18.00373077392578,17.07843780517578,7.4517822265625,0.8511199951171875,9.244361877441406,100,96.18661499023438,3.8285980224609375,2.5542984008789063,3.4044647216796875,44.57187271118164,1.0641326904296875,34239672320,34583793664,13446270976,0
199,1743002925773,14676.639923095703,4650,0,1.23125,46197.25212097168,3701,3701,3701,3701,3701,3701,3701,3701,3701,3701,3701,3701,29.749465942382813,7.3353729248046875,1.0097427368164063,2.3139114379882813,42.23408508300781,30.02082061767578,53.7072639465332,15.131561279296875,2.5654754638671875,1.3809661865234375,13.595726013183594,23.95825958251953,34239672320,34583793664,13459095552,0
200,1743002925973,36736.683990478516,3720.0000000000005,0,1.2375,46210.69271850586,3701,3701,3701,3701,3701,3701,3701,3701,3701,3701,3701,3701,50.79751968383789,10.581703186035156,3.24810791015625,3.5471267700195313,51.26243209838867,16.592308044433594,76.98473358154297,4.153465270996094,6.14910888671875,4.424400329589844,12.224624633789063,6.749969482421875,34239672320,34583793664,13472120832,0
4,1743002926173,32766.07487487793,4650,0,1.2375,46223.93667602539,3701,3701,3701,3701,3701,3701,3701,3701,3701,3701,3701,3701,23.807601928710938,4.6758270263671875,0.6780242919921875,2.25799560546875,22.289474487304688,60.98040008544922,88.456787109375,2.5285263061523438,2.28192138671875,1.9448089599609375,5.706443786621094,11.1683349609375,34239672320,34583793664,13455319040,0
