Delta,Time,CORE0_ENERGY (J),CORE0_FREQ (MHZ),CORE0_PSTATE,CORE0_VOLT (V),CPU_ENERGY (J),CPU_FREQUENCY_0,CPU_FREQUENCY_1,CPU_FREQUENCY_10,CPU_FREQUENCY_11,CPU_FREQUENCY_2,CPU_FREQUENCY_3,CPU_FREQUENCY_4,CPU_FREQUENCY_5,CPU_FREQUENCY_6,CPU_FREQUENCY_7,CPU_FREQUENCY_8,CPU_FREQUENCY_9,CPU_USAGE_0,CPU_USAGE_1,CPU_USAGE_10,CPU_USAGE_11,CPU_USAGE_2,CPU_USAGE_3,CPU_USAGE_4,CPU_USAGE_5,CPU_USAGE_6,CPU_USAGE_7,CPU_USAGE_8,CPU_USAGE_9,TOTAL_MEMORY,TOTAL_SWAP,USED_MEMORY,USED_SWAP
0,1743001808753,26377.61082458496,4650,0,1.2125,40604.71626281738,3701,3701,3701,3701,3701,3701,3701,3701,3701,3701,3701,3701,62.47527313232422,6.495170593261719,11.358543395996094,11.519424438476563,86.43344116210938,23.11682891845703,15.626823425292969,80.21981811523438,24.635353088378906,3.8365249633789063,7.710807800292969,57.29998779296875,34239672320,34583793664,16332263424,0
199,1743001808753,26377.678909301758,4650,0,1.24375,40605.456466674805,3701,3701,3701,3701,3701,3701,3701,3701,3701,3701,3701,3701,71.4551010131836,12.740760803222656,7.20611572265625,18.406204223632813,99.66950225830078,21.797088623046875,39.36256408691406,100,35.04808044433594,10.605987548828125,23.832015991210938,26.626792907714844,34239672320,34583793664,16331857920,0
200,1743001808953,30309.51466369629,4650,0,1.2375,40618.52265930176,3701,3701,3701,3701,3701,3701,3701,3701,3701,3701,3701,3701,44.52477264404297,11.456550598144531,4.482795715332031,2.6506729125976563,68.96565246582031,5.1221923828125,33.844017028808594,33.72837829589844,5.280982971191406,12.499244689941406,7.647407531738281,12.803695678710938,34239672320,34583793664,16342003712,0
200,1743001809153,26380.796920776367,4650,0,1.25,40631.971267700195,3701,3701,3701,3701,3701,3701,3701,3701,3701,3701,3701,3701,33.700340270996094,27.922340393066406,3.3067855834960938,2.589019775390625,57.883670806884766,18.189788818359375,22.14820098876953,30.195289611816406,4.956298828125,9.750923156738281,14.173103332519531,13.916709899902344,34239672320,34583793664,16354480128,0
5,1743001809354,26382.768035888672,3720.0000000000005,0,1.2375,40645.52745056152,3701,3701,3701,3701,3701,3701,3701,3701,3701,3701,3701,3701,15.830535888671875,28.8218994140625,4.5558319091796875,3.0066909790039063,71.25174713134766,24.85657501220703,21.969444274902344,61.835269927978516,7.296607971191406,2.3066635131835938,7.551292419433594,7.2709197998046875,34239672320,34583793664,16326180864,0
