Delta,Time,CORE0_ENERGY (J),CORE0_FREQ (MHZ),CORE0_PSTATE,CORE0_VOLT (V),CPU_ENERGY (J),CPU_FREQUENCY_0,CPU_FREQUENCY_1,CPU_FREQUENCY_10,CPU_FREQUENCY_11,CPU_FREQUENCY_2,CPU_FREQUENCY_3,CPU_FREQUENCY_4,CPU_FREQUENCY_5,CPU_FREQUENCY_6,CPU_FREQUENCY_7,CPU_FREQUENCY_8,CPU_FREQUENCY_9,CPU_USAGE_0,CPU_USAGE_1,CPU_USAGE_10,CPU_USAGE_11,CPU_USAGE_2,CPU_USAGE_3,CPU_USAGE_4,CPU_USAGE_5,CPU_USAGE_6,CPU_USAGE_7,CPU_USAGE_8,CPU_USAGE_9,TOTAL_MEMORY,TOTAL_SWAP,USED_MEMORY,USED_SWAP
0,1743003287942,15900.349533081055,4625,0,1.225,1811.7372589111328,3701,3701,3701,3701,3701,3701,3701,3701,3701,3701,3701,3701,48.22636413574219,21.01636505126953,12.341819763183594,13.398178100585938,28.787269592285156,100,32.796363830566406,38.2054557800293,27.55181884765625,6.928184509277344,78.7236328125,5.125457763671875,34239672320,34583793664,13139042304,0
199,1743003287942,38462.93711853027,3720.0000000000005,0,1.225,1812.4938659667969,3701,3701,3701,3701,3701,3701,3701,3701,3701,3701,3701,3701,98.61398315429688,5.9720611572265625,19.115188598632813,3.5360336303710938,35.14635467529297,100,29.561294555664063,53.42453384399414,35.82936096191406,23.553237915039063,55.11854934692383,8.037078857421875,34239672320,34583793664,13138710528,0
199,1743003288142,34319.050521850586,4650,0,1.2375,1825.3013610839844,3701,3701,3701,3701,3701,3701,3701,3701,3701,3701,3701,3701,31.243637084960938,15.109481811523438,2.2153854370117188,0.45063018798828125,57.00794982910156,23.064132690429688,13.2557373046875,54.0268669128418,1.656097412109375,1.3989639282226563,7.6051025390625,11.0987548828125,34239672320,34583793664,13160914944,0
200,1743003288342,34320.43655395508,4650,0,1.25,1838.6777801513672,3701,3701,3701,3701,3701,3701,3701,3701,3701,3701,3701,3701,36.69304275512695,11.300071716308594,6.115226745605469,1.1485748291015625,51.6027717590332,9.337608337402344,26.190406799316406,61.644813537597656,3.9031753540039063,5.194694519042969,7.266349792480469,23.01605224609375,34239672320,34583793664,13175365632,0
5,1743003288542,38467.5149230957,3720.0000000000005,0,1.2375,1852.4355010986328,3701,3701,3701,3701,3701,3701,3701,3701,3701,3701,3701,3701,22.494232177734375,15.001625061035156,2.71197509765625,9.117179870605469,7.1651458740234375,86.5667953491211,36.74138641357422,34.48548126220703,19.34844970703125,5.361488342285156,2.5913238525390625,20.93724822998047,34239672320,34583793664,13155549184,0
