Delta,Time,CORE0_ENERGY (J),CORE0_FREQ (MHZ),CORE0_PSTATE,CORE0_VOLT (V),CPU_ENERGY (J),CPU_FREQUENCY_0,CPU_FREQUENCY_1,CPU_FREQUENCY_10,CPU_FREQUENCY_11,CPU_FREQUENCY_2,CPU_FREQUENCY_3,CPU_FREQUENCY_4,CPU_FREQUENCY_5,CPU_FREQUENCY_6,CPU_FREQUENCY_7,CPU_FREQUENCY_8,CPU_FREQUENCY_9,CPU_USAGE_0,CPU_USAGE_1,CPU_USAGE_10,CPU_USAGE_11,CPU_USAGE_2,CPU_USAGE_3,CPU_USAGE_4,CPU_USAGE_5,CPU_USAGE_6,CPU_USAGE_7,CPU_USAGE_8,CPU_USAGE_9,TOTAL_MEMORY,TOTAL_SWAP,USED_MEMORY,USED_SWAP
0,1743003458599,64077.408782958984,4625,0,1.23125,11954.929489135742,3701,3701,3701,3701,3701,3701,3701,3701,3701,3701,3701,3701,23.97565460205078,15.88372802734375,4.279754638671875,22.29267120361328,29.043479919433594,15.4434814453125,100,5.035530090332031,8.085464477539063,2.9182586669921875,41.18410110473633,0.8511810302734375,34239672320,34583793664,13178478592,0
199,1743003458599,16515.637802124023,4625,0,1.225,11955.380752563477,3701,3701,3701,3701,3701,3701,3701,3701,3701,3701,3701,3701,94.09872436523438,8.608528137207031,17.517127990722656,10.653976440429688,60.628135681152344,72.59906005859375,100,16.625267028808594,45.658226013183594,8.156768798828125,22.688247680664063,34.357444763183594,34239672320,34583793664,13178216448,0
200,1743003458799,35136.67712402344,4650,0,1.2375,11968.724746704102,3701,3701,3701,3701,3701,3701,3701,3701,3701,3701,3701,3701,43.3886833190918,8.080886840820313,5.144256591796875,5.38916015625,60.15446472167969,4.268531799316406,89.16901397705078,3.6412353515625,3.132293701171875,1.8387374877929688,9.482261657714844,4.595664978027344,34239672320,34583793664,13186256896,0
200,1743003458999,39273.70765686035,4600,0,1.225,11982.123046875,3701,3701,3701,3701,3701,3701,3701,3701,3701,3701,3701,3701,48.20634460449219,11.168937683105469,3.9415435791015625,2.9072341918945313,58.3552131652832,7.669334411621094,76.673583984375,5.772331237792969,9.8154296875,2.842559814453125,12.146881103515625,3.9429931640625,34239672320,34583793664,13203443712,0
4,1743003459200,16519.11572265625,4650,0,1.225,11995.455032348633,3701,3701,3701,3701,3701,3701,3701,3701,3701,3701,3701,3701,30.608123779296875,2.6666641235351563,2.0779571533203125,0.8397140502929688,69.1077651977539,2.386444091796875,39.295135498046875,35.046600341796875,3.5727310180664063,4.713905334472656,20.824012756347656,2.7490234375,34239672320,34583793664,13183221760,0
