Delta,Time,CORE0_ENERGY (J),CORE0_FREQ (MHZ),CORE0_PSTATE,CORE0_VOLT (V),CPU_ENERGY (J),CPU_FREQUENCY_0,CPU_FREQUENCY_1,CPU_FREQUENCY_10,CPU_FREQUENCY_11,CPU_FREQUENCY_2,CPU_FREQUENCY_3,CPU_FREQUENCY_4,CPU_FREQUENCY_5,CPU_FREQUENCY_6,CPU_FREQUENCY_7,CPU_FREQUENCY_8,CPU_FREQUENCY_9,CPU_USAGE_0,CPU_USAGE_1,CPU_USAGE_10,CPU_USAGE_11,CPU_USAGE_2,CPU_USAGE_3,CPU_USAGE_4,CPU_USAGE_5,CPU_USAGE_6,CPU_USAGE_7,CPU_USAGE_8,CPU_USAGE_9,TOTAL_MEMORY,TOTAL_SWAP,USED_MEMORY,USED_SWAP
0,1743003224111,15683.264999389648,4650,0,1.225,63626.7940826416,3701,3701,3701,3701,3701,3701,3701,3701,3701,3701,3701,3701,41.43666458129883,19.622055053710938,57.69758987426758,4.6379241943359375,59.71826934814453,27.789344787597656,83.99552917480469,20.95068359375,18.66809844970703,6.821388244628906,72.35160827636719,9.522293090820313,34239672320,34583793664,13089320960,0
191,1743003224120,38172.079513549805,4650,0,1.23125,63627.711502075195,3701,3701,3701,3701,3701,3701,3701,3701,3701,3701,3701,3701,46.64141082763672,25.9169921875,13.142280578613281,14.010765075683594,71.35126495361328,20.423873901367188,48.63800811767578,34.605369567871094,20.243263244628906,13.82733154296875,10.796455383300781,28.212722778320313,34239672320,34583793664,13088575488,0
199,1743003224311,34033.87071228027,4625,0,1.2375,63640.37585449219,3701,3701,3701,3701,3701,3701,3701,3701,3701,3701,3701,3701,31.512229919433594,6.987663269042969,1.9925918579101563,2.3086090087890625,78.34500122070313,4.66552734375,90.03801727294922,2.388153076171875,1.1494598388671875,1.5472640991210938,4.26043701171875,3.3284835815429688,34239672320,34583793664,13094113280,0
200,1743003224511,15685.531356811523,4650,0,1.25,63653.684020996094,3701,3701,3701,3701,3701,3701,3701,3701,3701,3701,3701,3701,41.96553421020508,8.669189453125,4.519096374511719,3.0479812622070313,67.71150207519531,4.296195983886719,61.01263427734375,9.590705871582031,12.43536376953125,1.5694427490234375,15.21697998046875,3.9756240844726563,34239672320,34583793664,13112524800,0
4,1743003224711,34036.61332702637,4650,0,1.2,63667.202896118164,3701,3701,3701,3701,3701,3701,3701,3701,3701,3701,3701,3701,26.172775268554688,3.2364349365234375,1.4728546142578125,5.480400085449219,84.31536865234375,5.876495361328125,78.18396759033203,4.502174377441406,5.8431396484375,1.0411529541015625,3.6766281127929688,3.3519973754882813,34239672320,34583793664,13078585344,0
