Delta,Time,CORE0_ENERGY (J),CORE0_FREQ (MHZ),CORE0_PSTATE,CORE0_VOLT (V),CPU_ENERGY (J),CPU_FREQUENCY_0,CPU_FREQUENCY_1,CPU_FREQUENCY_10,CPU_FREQUENCY_11,CPU_FREQUENCY_2,CPU_FREQUENCY_3,CPU_FREQUENCY_4,CPU_FREQUENCY_5,CPU_FREQUENCY_6,CPU_FREQUENCY_7,CPU_FREQUENCY_8,CPU_FREQUENCY_9,CPU_USAGE_0,CPU_USAGE_1,CPU_USAGE_10,CPU_USAGE_11,CPU_USAGE_2,CPU_USAGE_3,CPU_USAGE_4,CPU_USAGE_5,CPU_USAGE_6,CPU_USAGE_7,CPU_USAGE_8,CPU_USAGE_9,TOTAL_MEMORY,TOTAL_SWAP,USED_MEMORY,USED_SWAP
0,1743002712637,13950.972869873047,4650,0,1.225,33753.27554321289,3701,3701,3701,3701,3701,3701,3701,3701,3701,3701,3701,3701,70.93048858642578,7.4521026611328125,1.830780029296875,0,29.49146270751953,31.79918670654297,37.26552963256836,24.161102294921875,22.706275939941406,0,13.365394592285156,35.684715270996094,34239672320,34583793664,13461241856,0
200,1743002712637,31859.909881591797,4625,0,1.225,33753.7276763916,3701,3701,3701,3701,3701,3701,3701,3701,3701,3701,3701,3701,98.36300659179688,46.804359436035156,41.855037689208984,0.13169097900390625,34.355201721191406,6.2045745849609375,40.5531120300293,34.76361846923828,52.26211929321289,0,0,100,34239672320,34583793664,13460934656,0
199,1743002712837,35706.19071960449,4650,0,1.23125,33767.11088562012,3701,3701,3701,3701,3701,3701,3701,3701,3701,3701,3701,3701,38.59390640258789,8.188140869140625,5.8778228759765625,1.8826217651367188,38.23093032836914,32.89613342285156,22.14958953857422,74.248046875,2.8732376098632813,4.276939392089844,10.77459716796875,6.2530364990234375,34239672320,34583793664,13468176384,0
200,1743002713037,13953.268096923828,4650,0,1.23125,33780.37608337402,3701,3701,3701,3701,3701,3701,3701,3701,3701,3701,3701,3701,33.12067413330078,6.983787536621094,4.123298645019531,0.6800918579101563,60.975616455078125,20.17699432373047,18.80811309814453,63.91366958618164,3.932952880859375,1.9277420043945313,9.356620788574219,3.158538818359375,34239672320,34583793664,13487026176,0
4,1743002713237,35708.759841918945,3720.0000000000005,0,1.25,33793.467025756836,3701,3701,3701,3701,3701,3701,3701,3701,3701,3701,3701,3701,22.62261199951172,13.295333862304688,4.646629333496094,2.02130126953125,73.6241683959961,5.6858367919921875,7.120704650878906,61.481475830078125,13.449798583984375,1.13751220703125,4.1435089111328125,5.774871826171875,34239672320,34583793664,13454909440,0
