Delta,Time,CORE0_ENERGY (J),CORE0_FREQ (MHZ),CORE0_PSTATE,CORE0_VOLT (V),CPU_ENERGY (J),CPU_FREQUENCY_0,CPU_FREQUENCY_1,CPU_FREQUENCY_10,CPU_FREQUENCY_11,CPU_FREQUENCY_2,CPU_FREQUENCY_3,CPU_FREQUENCY_4,CPU_FREQUENCY_5,CPU_FREQUENCY_6,CPU_FREQUENCY_7,CPU_FREQUENCY_8,CPU_FREQUENCY_9,CPU_USAGE_0,CPU_USAGE_1,CPU_USAGE_10,CPU_USAGE_11,CPU_USAGE_2,CPU_USAGE_3,CPU_USAGE_4,CPU_USAGE_5,CPU_USAGE_6,CPU_USAGE_7,CPU_USAGE_8,CPU_USAGE_9,TOTAL_MEMORY,TOTAL_SWAP,USED_MEMORY,USED_SWAP
0,1743003799844,40817.37185668945,4650,0,1.23125,31932.76156616211,3701,3701,3701,3701,3701,3701,3701,3701,3701,3701,3701,3701,51.48994827270508,24.130325317382813,21.00572967529297,10.172584533691406,27.48138427734375,100,30.45245361328125,48.009483337402344,29.6107177734375,10.031997680664063,85.94579315185547,7.2109222412109375,34239672320,34583793664,13204566016,0
199,1743003799844,40817.41844177246,4650,0,1.24375,31933.129760742188,3701,3701,3701,3701,3701,3701,3701,3701,3701,3701,3701,3701,59.24141311645508,55.1165657043457,11.302833557128906,15.425682067871094,17.789016723632813,100,99.4001693725586,52.21138000488281,36.38981246948242,11.980644226074219,40.04878616333008,12.328544616699219,34239672320,34583793664,13203881984,0
200,1743003800044,36697.512603759766,4650,0,1.2375,31946.623123168945,3701,3701,3701,3701,3701,3701,3701,3701,3701,3701,3701,3701,61.33403015136719,3.4744186401367188,1.59771728515625,1.840301513671875,3.8404998779296875,97.61807250976563,41.676910400390625,7.811637878417969,2.7346038818359375,2.4137725830078125,6.221275329589844,3.6984024047851563,34239672320,34583793664,13210099712,0
200,1743003800245,36698.813705444336,4650,0,1.2375,31959.995864868164,3701,3701,3701,3701,3701,3701,3701,3701,3701,3701,3701,3701,48.944129943847656,6.266387939453125,1.3094558715820313,2.1946029663085938,43.37879943847656,10.807083129882813,12.348922729492188,78.78046417236328,2.9182357788085938,2.8822097778320313,11.385223388671875,5.813987731933594,34239672320,34583793664,13224312832,0
4,1743003800445,36700.23002624512,3720.0000000000005,0,1.2375,31973.34913635254,3701,3701,3701,3701,3701,3701,3701,3701,3701,3701,3701,3701,31.97264862060547,2.5335922241210938,1.5022506713867188,5.5914764404296875,57.40542221069336,4.34698486328125,6.406806945800781,81.60923767089844,6.741950988769531,2.84698486328125,14.75897216796875,2.6753311157226563,34239672320,34583793664,13196750848,0
